time,path,H
2026-02-02 03:00:00,/Volumes/Argus/unk/snap/c1/1770001200.c1.snap.jpg,1.166857
2026-02-02 18:30:00,/Volumes/Argus/unk/snap/c1/1770057000.c1.snap.jpg,0.4639387
2026-02-02 19:00:00,/Volumes/Argus/unk/snap/c1/1770058800.c1.snap.jpg,0.55478585
2026-02-02 19:30:00,/Volumes/Argus/unk/snap/c1/1770060600.c1.snap.jpg,0.66548765
2026-02-02 20:00:00,/Volumes/Argus/unk/snap/c1/1770062400.c1.snap.jpg,0.69084084
2026-02-02 20:30:00,/Volumes/Argus/unk/snap/c1/1770064200.c1.snap.jpg,0.56185734
2026-02-02 21:00:00,/Volumes/Argus/unk/snap/c1/1770066000.c1.snap.jpg,0.41024008
2026-02-02 21:30:00,/Volumes/Argus/unk/snap/c1/1770067800.c1.snap.jpg,0.36001194
2026-02-02 22:00:00,/Volumes/Argus/unk/snap/c1/1770069600.c1.snap.jpg,0.3454165
2026-02-02 22:30:00,/Volumes/Argus/unk/snap/c1/1770071400.c1.snap.jpg,0.34543523
2026-02-02 23:00:00,/Volumes/Argus/unk/snap/c1/1770073200.c1.snap.jpg,0.37906086
2026-02-02 23:30:00,/Volumes/Argus/unk/snap/c1/1770075000.c1.snap.jpg,0.4539801
2026-02-03 00:00:00,/Volumes/Argus/unk/snap/c1/1770076800.c1.snap.jpg,0.6308478
2026-02-03 00:30:00,/Volumes/Argus/unk/snap/c1/1770078600.c1.snap.jpg,1.0306437
2026-02-03 01:00:00,/Volumes/Argus/unk/snap/c1/1770080400.c1.snap.jpg,1.1611428
2026-02-03 01:30:00,/Volumes/Argus/unk/snap/c1/1770082200.c1.snap.jpg,1.2301406
2026-02-03 02:00:00,/Volumes/Argus/unk/snap/c1/1770084000.c1.snap.jpg,1.2855456
2026-02-03 02:30:00,/Volumes/Argus/unk/snap/c1/1770085800.c1.snap.jpg,0.8328937
2026-02-03 03:00:00,/Volumes/Argus/unk/snap/c1/1770087600.c1.snap.jpg,0.6892477
2026-02-03 18:30:00,/Volumes/Argus/unk/snap/c1/1770143400.c1.snap.jpg,0.9068855
2026-02-03 19:00:00,/Volumes/Argus/unk/snap/c1/1770145200.c1.snap.jpg,0.6830826
2026-02-03 19:30:00,/Volumes/Argus/unk/snap/c1/1770147000.c1.snap.jpg,0.54039717
2026-02-03 20:00:00,/Volumes/Argus/unk/snap/c1/1770148800.c1.snap.jpg,0.6027214
2026-02-03 20:30:00,/Volumes/Argus/unk/snap/c1/1770150600.c1.snap.jpg,0.54603803
2026-02-03 21:00:00,/Volumes/Argus/unk/snap/c1/1770152400.c1.snap.jpg,0.5678779
2026-02-03 21:30:00,/Volumes/Argus/unk/snap/c1/1770154200.c1.snap.jpg,0.5716997
2026-02-03 22:00:00,/Volumes/Argus/unk/snap/c1/1770156000.c1.snap.jpg,0.5999709
2026-02-03 22:30:00,/Volumes/Argus/unk/snap/c1/1770157800.c1.snap.jpg,0.61915016
2026-02-03 23:00:00,/Volumes/Argus/unk/snap/c1/1770159600.c1.snap.jpg,0.5977863
2026-02-03 23:30:00,/Volumes/Argus/unk/snap/c1/1770161400.c1.snap.jpg,0.61394423
2026-02-04 00:00:00,/Volumes/Argus/unk/snap/c1/1770163200.c1.snap.jpg,0.64203584
2026-02-04 00:30:00,/Volumes/Argus/unk/snap/c1/1770165000.c1.snap.jpg,0.8271135
2026-02-04 01:00:00,/Volumes/Argus/unk/snap/c1/1770166800.c1.snap.jpg,0.7182958
2026-02-04 01:30:00,/Volumes/Argus/unk/snap/c1/1770168600.c1.snap.jpg,0.7518257
2026-02-04 02:00:00,/Volumes/Argus/unk/snap/c1/1770170400.c1.snap.jpg,0.75298244
2026-02-04 03:00:00,/Volumes/Argus/unk/snap/c1/1770174000.c1.snap.jpg,0.8370166
2026-02-04 03:30:00,/Volumes/Argus/unk/snap/c1/1770175800.c1.snap.jpg,0.76096725
2026-02-04 20:00:00,/Volumes/Argus/unk/snap/c1/1770235200.c1.snap.jpg,0.65580946
2026-02-04 20:30:00,/Volumes/Argus/unk/snap/c1/1770237000.c1.snap.jpg,0.945235
2026-02-04 21:00:00,/Volumes/Argus/unk/snap/c1/1770238800.c1.snap.jpg,0.9110606
2026-02-04 21:30:00,/Volumes/Argus/unk/snap/c1/1770240600.c1.snap.jpg,0.67152923
2026-02-04 22:00:00,/Volumes/Argus/unk/snap/c1/1770242400.c1.snap.jpg,0.6658272
2026-02-04 22:30:00,/Volumes/Argus/unk/snap/c1/1770244200.c1.snap.jpg,0.54062295
2026-02-04 23:00:00,/Volumes/Argus/unk/snap/c1/1770246000.c1.snap.jpg,0.5255865
2026-02-04 23:30:00,/Volumes/Argus/unk/snap/c1/1770247800.c1.snap.jpg,0.545483
2026-02-05 00:00:00,/Volumes/Argus/unk/snap/c1/1770249600.c1.snap.jpg,0.46850377
2026-02-05 00:30:00,/Volumes/Argus/unk/snap/c1/1770251400.c1.snap.jpg,0.48930207
2026-02-05 01:00:00,/Volumes/Argus/unk/snap/c1/1770253200.c1.snap.jpg,0.41138494
2026-02-05 01:30:00,/Volumes/Argus/unk/snap/c1/1770255000.c1.snap.jpg,0.7441788
2026-02-05 02:00:00,/Volumes/Argus/unk/snap/c1/1770256800.c1.snap.jpg,0.83832765
2026-02-05 02:30:00,/Volumes/Argus/unk/snap/c1/1770258600.c1.snap.jpg,0.68660706
2026-02-05 03:00:00,/Volumes/Argus/unk/snap/c1/1770260400.c1.snap.jpg,0.37869313
2026-02-05 03:30:00,/Volumes/Argus/unk/snap/c1/1770262200.c1.snap.jpg,0.57827944
2026-02-05 18:30:00,/Volumes/Argus/unk/snap/c1/1770316200.c1.snap.jpg,0.8370886
2026-02-05 19:00:00,/Volumes/Argus/unk/snap/c1/1770318000.c1.snap.jpg,0.6795454
2026-02-05 19:30:00,/Volumes/Argus/unk/snap/c1/1770319800.c1.snap.jpg,0.6139188
2026-02-05 20:00:00,/Volumes/Argus/unk/snap/c1/1770321600.c1.snap.jpg,0.61805415
2026-02-05 20:30:00,/Volumes/Argus/unk/snap/c1/1770323400.c1.snap.jpg,0.59203446
2026-02-05 21:00:00,/Volumes/Argus/unk/snap/c1/1770325200.c1.snap.jpg,0.76132154
2026-02-05 21:30:00,/Volumes/Argus/unk/snap/c1/1770327000.c1.snap.jpg,0.6662606
2026-02-05 22:00:00,/Volumes/Argus/unk/snap/c1/1770328800.c1.snap.jpg,0.6232906
2026-02-05 22:30:00,/Volumes/Argus/unk/snap/c1/1770330600.c1.snap.jpg,0.639084
2026-02-05 23:00:00,/Volumes/Argus/unk/snap/c1/1770332400.c1.snap.jpg,0.7409429
2026-02-05 23:30:00,/Volumes/Argus/unk/snap/c1/1770334200.c1.snap.jpg,0.7045508
2026-02-06 00:00:00,/Volumes/Argus/unk/snap/c1/1770336000.c1.snap.jpg,0.79495937
2026-02-06 00:30:00,/Volumes/Argus/unk/snap/c1/1770337800.c1.snap.jpg,1.1077713
2026-02-06 01:00:00,/Volumes/Argus/unk/snap/c1/1770339600.c1.snap.jpg,1.1747477
2026-02-06 01:30:00,/Volumes/Argus/unk/snap/c1/1770341400.c1.snap.jpg,0.7297293
2026-02-06 02:00:00,/Volumes/Argus/unk/snap/c1/1770343200.c1.snap.jpg,0.70908856
2026-02-06 02:30:00,/Volumes/Argus/unk/snap/c1/1770345000.c1.snap.jpg,0.7375953
2026-02-06 03:00:00,/Volumes/Argus/unk/snap/c1/1770346800.c1.snap.jpg,0.6340589
2026-02-06 03:30:00,/Volumes/Argus/unk/snap/c1/1770348600.c1.snap.jpg,0.73954296
2026-02-06 20:30:00,/Volumes/Argus/unk/snap/c1/1770409800.c1.snap.jpg,0.5888945
2026-02-06 21:30:00,/Volumes/Argus/unk/snap/c1/1770413400.c1.snap.jpg,0.60217386
2026-02-06 22:00:00,/Volumes/Argus/unk/snap/c1/1770415200.c1.snap.jpg,0.5706607
2026-02-06 22:30:00,/Volumes/Argus/unk/snap/c1/1770417000.c1.snap.jpg,0.5905163
2026-02-06 23:00:00,/Volumes/Argus/unk/snap/c1/1770418800.c1.snap.jpg,0.4445466
2026-02-07 00:00:00,/Volumes/Argus/unk/snap/c1/1770422400.c1.snap.jpg,0.7731787
2026-02-07 01:00:00,/Volumes/Argus/unk/snap/c1/1770426000.c1.snap.jpg,0.548916
2026-02-07 01:30:00,/Volumes/Argus/unk/snap/c1/1770427800.c1.snap.jpg,0.5938351
2026-02-07 02:00:00,/Volumes/Argus/unk/snap/c1/1770429600.c1.snap.jpg,0.71813977
2026-02-07 02:30:00,/Volumes/Argus/unk/snap/c1/1770431400.c1.snap.jpg,0.9133441
2026-02-07 03:00:00,/Volumes/Argus/unk/snap/c1/1770433200.c1.snap.jpg,0.8642998
2026-02-07 03:30:00,/Volumes/Argus/unk/snap/c1/1770435000.c1.snap.jpg,0.9468787
2026-02-07 18:30:00,/Volumes/Argus/unk/snap/c1/1770489000.c1.snap.jpg,0.62512064
2026-02-07 19:00:00,/Volumes/Argus/unk/snap/c1/1770490800.c1.snap.jpg,0.44858843
2026-02-07 19:30:00,/Volumes/Argus/unk/snap/c1/1770492600.c1.snap.jpg,1.0317794
2026-02-07 20:00:00,/Volumes/Argus/unk/snap/c1/1770494400.c1.snap.jpg,0.9777374
2026-02-07 20:30:00,/Volumes/Argus/unk/snap/c1/1770496200.c1.snap.jpg,0.6521905
2026-02-07 21:00:00,/Volumes/Argus/unk/snap/c1/1770498000.c1.snap.jpg,0.6076817
2026-02-07 21:30:00,/Volumes/Argus/unk/snap/c1/1770499800.c1.snap.jpg,0.58894265
2026-02-07 22:00:00,/Volumes/Argus/unk/snap/c1/1770501600.c1.snap.jpg,0.60140085
2026-02-07 22:30:00,/Volumes/Argus/unk/snap/c1/1770503400.c1.snap.jpg,0.708267
2026-02-07 23:00:00,/Volumes/Argus/unk/snap/c1/1770505200.c1.snap.jpg,0.73783493
2026-02-07 23:30:00,/Volumes/Argus/unk/snap/c1/1770507000.c1.snap.jpg,0.7074325
2026-02-08 00:00:00,/Volumes/Argus/unk/snap/c1/1770508800.c1.snap.jpg,0.66899323
2026-02-08 00:30:00,/Volumes/Argus/unk/snap/c1/1770510600.c1.snap.jpg,0.649355
2026-02-08 01:00:00,/Volumes/Argus/unk/snap/c1/1770512400.c1.snap.jpg,0.77275854
2026-02-08 01:30:00,/Volumes/Argus/unk/snap/c1/1770514200.c1.snap.jpg,0.6665168
2026-02-08 02:00:00,/Volumes/Argus/unk/snap/c1/1770516000.c1.snap.jpg,0.6588675
2026-02-08 03:30:00,/Volumes/Argus/unk/snap/c1/1770521400.c1.snap.jpg,0.6603445
2026-02-08 18:30:00,/Volumes/Argus/unk/snap/c1/1770575400.c1.snap.jpg,0.7403162
2026-02-08 19:00:00,/Volumes/Argus/unk/snap/c1/1770577200.c1.snap.jpg,0.43525565
2026-02-08 19:30:00,/Volumes/Argus/unk/snap/c1/1770579000.c1.snap.jpg,0.6784534
2026-02-08 20:00:00,/Volumes/Argus/unk/snap/c1/1770580800.c1.snap.jpg,0.5342643
2026-02-08 20:30:00,/Volumes/Argus/unk/snap/c1/1770582600.c1.snap.jpg,0.67151165
2026-02-08 21:00:00,/Volumes/Argus/unk/snap/c1/1770584400.c1.snap.jpg,0.6110477
2026-02-08 21:30:00,/Volumes/Argus/unk/snap/c1/1770586200.c1.snap.jpg,0.61929923
2026-02-08 22:00:00,/Volumes/Argus/unk/snap/c1/1770588000.c1.snap.jpg,0.6558634
2026-02-08 22:30:00,/Volumes/Argus/unk/snap/c1/1770589800.c1.snap.jpg,0.68387485
2026-02-08 23:00:00,/Volumes/Argus/unk/snap/c1/1770591600.c1.snap.jpg,0.6509269
2026-02-08 23:30:00,/Volumes/Argus/unk/snap/c1/1770593400.c1.snap.jpg,0.60622984
2026-02-09 00:00:00,/Volumes/Argus/unk/snap/c1/1770595200.c1.snap.jpg,0.61055744
2026-02-09 00:30:00,/Volumes/Argus/unk/snap/c1/1770597000.c1.snap.jpg,0.61815566
2026-02-09 01:00:00,/Volumes/Argus/unk/snap/c1/1770598800.c1.snap.jpg,0.88155067
2026-02-09 01:30:00,/Volumes/Argus/unk/snap/c1/1770600600.c1.snap.jpg,0.67674595
2026-02-09 02:00:00,/Volumes/Argus/unk/snap/c1/1770602400.c1.snap.jpg,0.6839503
2026-02-09 02:30:00,/Volumes/Argus/unk/snap/c1/1770604200.c1.snap.jpg,0.74521023
2026-02-09 03:00:00,/Volumes/Argus/unk/snap/c1/1770606000.c1.snap.jpg,0.80944824
2026-02-09 03:30:00,/Volumes/Argus/unk/snap/c1/1770607800.c1.snap.jpg,0.65776324
2026-02-09 18:30:00,/Volumes/Argus/unk/snap/c1/1770661800.c1.snap.jpg,0.5291778
2026-02-09 19:00:00,/Volumes/Argus/unk/snap/c1/1770663600.c1.snap.jpg,0.5706345
2026-02-09 19:30:00,/Volumes/Argus/unk/snap/c1/1770665400.c1.snap.jpg,0.7263038
2026-02-09 20:00:00,/Volumes/Argus/unk/snap/c1/1770667200.c1.snap.jpg,0.5124249
2026-02-09 20:30:00,/Volumes/Argus/unk/snap/c1/1770669000.c1.snap.jpg,0.6617434
2026-02-09 21:00:00,/Volumes/Argus/unk/snap/c1/1770670800.c1.snap.jpg,0.6512284
2026-02-09 21:30:00,/Volumes/Argus/unk/snap/c1/1770672600.c1.snap.jpg,0.68036973
2026-02-09 22:00:00,/Volumes/Argus/unk/snap/c1/1770674400.c1.snap.jpg,0.73506033
2026-02-09 22:30:00,/Volumes/Argus/unk/snap/c1/1770676200.c1.snap.jpg,0.6517761
2026-02-09 23:00:00,/Volumes/Argus/unk/snap/c1/1770678000.c1.snap.jpg,0.6249444
2026-02-09 23:30:00,/Volumes/Argus/unk/snap/c1/1770679800.c1.snap.jpg,0.6138127
2026-02-10 00:00:00,/Volumes/Argus/unk/snap/c1/1770681600.c1.snap.jpg,0.6034979
2026-02-10 00:30:00,/Volumes/Argus/unk/snap/c1/1770683400.c1.snap.jpg,0.63638306
2026-02-10 01:00:00,/Volumes/Argus/unk/snap/c1/1770685200.c1.snap.jpg,0.87255305
2026-02-10 02:00:00,/Volumes/Argus/unk/snap/c1/1770688800.c1.snap.jpg,0.7104318
2026-02-10 02:30:00,/Volumes/Argus/unk/snap/c1/1770690600.c1.snap.jpg,0.66259664
2026-02-10 03:00:00,/Volumes/Argus/unk/snap/c1/1770692400.c1.snap.jpg,0.6308646
2026-02-10 03:30:00,/Volumes/Argus/unk/snap/c1/1770694200.c1.snap.jpg,0.63531256
2026-02-10 18:30:00,/Volumes/Argus/unk/snap/c1/1770748200.c1.snap.jpg,0.7585264
2026-02-10 19:00:00,/Volumes/Argus/unk/snap/c1/1770750000.c1.snap.jpg,0.69480425
2026-02-10 19:30:00,/Volumes/Argus/unk/snap/c1/1770751800.c1.snap.jpg,0.5628468
2026-02-10 20:00:00,/Volumes/Argus/unk/snap/c1/1770753600.c1.snap.jpg,0.477999
2026-02-10 20:30:00,/Volumes/Argus/unk/snap/c1/1770755400.c1.snap.jpg,0.6175878
2026-02-10 21:00:00,/Volumes/Argus/unk/snap/c1/1770757200.c1.snap.jpg,0.8171071
2026-02-10 21:30:00,/Volumes/Argus/unk/snap/c1/1770759000.c1.snap.jpg,0.5484196
2026-02-10 22:00:00,/Volumes/Argus/unk/snap/c1/1770760800.c1.snap.jpg,0.51432097
2026-02-10 22:30:00,/Volumes/Argus/unk/snap/c1/1770762600.c1.snap.jpg,0.6657902
2026-02-10 23:30:00,/Volumes/Argus/unk/snap/c1/1770766200.c1.snap.jpg,0.45490393
2026-02-11 00:00:00,/Volumes/Argus/unk/snap/c1/1770768000.c1.snap.jpg,0.5215695
2026-02-11 00:30:00,/Volumes/Argus/unk/snap/c1/1770769800.c1.snap.jpg,0.5748442
2026-02-11 01:00:00,/Volumes/Argus/unk/snap/c1/1770771600.c1.snap.jpg,0.57258624
2026-02-11 01:30:00,/Volumes/Argus/unk/snap/c1/1770773400.c1.snap.jpg,0.7349796
2026-02-11 02:00:00,/Volumes/Argus/unk/snap/c1/1770775200.c1.snap.jpg,0.66250026
2026-02-11 02:30:00,/Volumes/Argus/unk/snap/c1/1770777000.c1.snap.jpg,0.6810871
2026-02-11 03:00:00,/Volumes/Argus/unk/snap/c1/1770778800.c1.snap.jpg,0.60843843
2026-02-11 03:30:00,/Volumes/Argus/unk/snap/c1/1770780600.c1.snap.jpg,0.54140675
2026-02-11 18:30:00,/Volumes/Argus/unk/snap/c1/1770834600.c1.snap.jpg,0.9395094
2026-02-11 19:00:00,/Volumes/Argus/unk/snap/c1/1770836400.c1.snap.jpg,0.8499793
2026-02-11 19:30:00,/Volumes/Argus/unk/snap/c1/1770838200.c1.snap.jpg,0.8716719
2026-02-11 20:00:00,/Volumes/Argus/unk/snap/c1/1770840000.c1.snap.jpg,0.807167
2026-02-11 20:30:00,/Volumes/Argus/unk/snap/c1/1770841800.c1.snap.jpg,0.68848944
2026-02-11 21:00:00,/Volumes/Argus/unk/snap/c1/1770843600.c1.snap.jpg,0.85697365
2026-02-11 21:30:00,/Volumes/Argus/unk/snap/c1/1770845400.c1.snap.jpg,0.82498217
2026-02-11 22:00:00,/Volumes/Argus/unk/snap/c1/1770847200.c1.snap.jpg,0.70508784
2026-02-11 22:30:00,/Volumes/Argus/unk/snap/c1/1770849000.c1.snap.jpg,0.82125175
2026-02-11 23:00:00,/Volumes/Argus/unk/snap/c1/1770850800.c1.snap.jpg,0.84635997
2026-02-11 23:30:00,/Volumes/Argus/unk/snap/c1/1770852600.c1.snap.jpg,0.8185223
2026-02-12 00:00:00,/Volumes/Argus/unk/snap/c1/1770854400.c1.snap.jpg,0.82408696
2026-02-12 00:30:00,/Volumes/Argus/unk/snap/c1/1770856200.c1.snap.jpg,0.7951193
2026-02-12 01:00:00,/Volumes/Argus/unk/snap/c1/1770858000.c1.snap.jpg,0.71037173
2026-02-12 01:30:00,/Volumes/Argus/unk/snap/c1/1770859800.c1.snap.jpg,0.78325236
2026-02-12 02:00:00,/Volumes/Argus/unk/snap/c1/1770861600.c1.snap.jpg,0.7893175
2026-02-12 02:30:00,/Volumes/Argus/unk/snap/c1/1770863400.c1.snap.jpg,0.7802491
2026-02-12 03:00:00,/Volumes/Argus/unk/snap/c1/1770865200.c1.snap.jpg,0.84730333
2026-02-12 03:30:00,/Volumes/Argus/unk/snap/c1/1770867000.c1.snap.jpg,0.7265105
2026-02-12 18:30:00,/Volumes/Argus/unk/snap/c1/1770921000.c1.snap.jpg,0.65514874
2026-02-12 19:00:00,/Volumes/Argus/unk/snap/c1/1770922800.c1.snap.jpg,0.5270629
2026-02-12 19:30:00,/Volumes/Argus/unk/snap/c1/1770924600.c1.snap.jpg,0.5630211
2026-02-12 20:00:00,/Volumes/Argus/unk/snap/c1/1770926400.c1.snap.jpg,0.53138185
2026-02-12 20:30:00,/Volumes/Argus/unk/snap/c1/1770928200.c1.snap.jpg,0.4743169
2026-02-12 21:00:00,/Volumes/Argus/unk/snap/c1/1770930000.c1.snap.jpg,0.5433824
2026-02-12 21:30:00,/Volumes/Argus/unk/snap/c1/1770931800.c1.snap.jpg,0.50634915
2026-02-12 22:00:00,/Volumes/Argus/unk/snap/c1/1770933600.c1.snap.jpg,0.43881753
2026-02-12 22:30:00,/Volumes/Argus/unk/snap/c1/1770935400.c1.snap.jpg,0.37841007
2026-02-12 23:00:00,/Volumes/Argus/unk/snap/c1/1770937200.c1.snap.jpg,0.425098
2026-02-12 23:30:00,/Volumes/Argus/unk/snap/c1/1770939000.c1.snap.jpg,0.44868907
2026-02-13 00:00:00,/Volumes/Argus/unk/snap/c1/1770940800.c1.snap.jpg,0.3342117
2026-02-13 00:30:00,/Volumes/Argus/unk/snap/c1/1770942600.c1.snap.jpg,0.4258926
2026-02-13 01:00:00,/Volumes/Argus/unk/snap/c1/1770944400.c1.snap.jpg,0.42661977
2026-02-13 01:30:00,/Volumes/Argus/unk/snap/c1/1770946200.c1.snap.jpg,0.3940075
2026-02-13 02:30:00,/Volumes/Argus/unk/snap/c1/1770949800.c1.snap.jpg,0.52709985
2026-02-13 03:00:00,/Volumes/Argus/unk/snap/c1/1770951600.c1.snap.jpg,0.5663515
2026-02-13 03:30:00,/Volumes/Argus/unk/snap/c1/1770953400.c1.snap.jpg,0.5694715
2026-02-13 18:00:00,/Volumes/Argus/unk/snap/c1/1771005600.c1.snap.jpg,0.59916365
2026-02-13 18:30:00,/Volumes/Argus/unk/snap/c1/1771007400.c1.snap.jpg,0.8228747
2026-02-13 19:00:00,/Volumes/Argus/unk/snap/c1/1771009200.c1.snap.jpg,0.68197316
2026-02-13 19:30:00,/Volumes/Argus/unk/snap/c1/1771011000.c1.snap.jpg,0.65501595
2026-02-13 20:00:00,/Volumes/Argus/unk/snap/c1/1771012800.c1.snap.jpg,0.68638647
2026-02-13 20:30:00,/Volumes/Argus/unk/snap/c1/1771014600.c1.snap.jpg,0.6537491
2026-02-13 21:00:00,/Volumes/Argus/unk/snap/c1/1771016400.c1.snap.jpg,0.5075772
2026-02-13 21:30:00,/Volumes/Argus/unk/snap/c1/1771018200.c1.snap.jpg,0.8762141
2026-02-13 22:00:00,/Volumes/Argus/unk/snap/c1/1771020000.c1.snap.jpg,0.60817593
2026-02-13 22:30:00,/Volumes/Argus/unk/snap/c1/1771021800.c1.snap.jpg,0.59702647
2026-02-13 23:00:00,/Volumes/Argus/unk/snap/c1/1771023600.c1.snap.jpg,0.87621236
2026-02-13 23:30:00,/Volumes/Argus/unk/snap/c1/1771025400.c1.snap.jpg,1.1560072
2026-02-14 00:00:00,/Volumes/Argus/unk/snap/c1/1771027200.c1.snap.jpg,0.60331327
2026-02-14 01:00:00,/Volumes/Argus/unk/snap/c1/1771030800.c1.snap.jpg,0.69113123
2026-02-14 01:30:00,/Volumes/Argus/unk/snap/c1/1771032600.c1.snap.jpg,0.60494524
2026-02-14 02:00:00,/Volumes/Argus/unk/snap/c1/1771034400.c1.snap.jpg,0.5859756
2026-02-14 02:30:00,/Volumes/Argus/unk/snap/c1/1771036200.c1.snap.jpg,0.7439721
2026-02-14 03:30:00,/Volumes/Argus/unk/snap/c1/1771039800.c1.snap.jpg,0.5985667
2026-02-14 18:00:00,/Volumes/Argus/unk/snap/c1/1771092000.c1.snap.jpg,0.9964435
2026-02-14 18:30:00,/Volumes/Argus/unk/snap/c1/1771093800.c1.snap.jpg,0.7475889
2026-02-14 19:00:00,/Volumes/Argus/unk/snap/c1/1771095600.c1.snap.jpg,0.7598738
2026-02-14 19:30:00,/Volumes/Argus/unk/snap/c1/1771097400.c1.snap.jpg,0.9073065
2026-02-14 20:00:00,/Volumes/Argus/unk/snap/c1/1771099200.c1.snap.jpg,0.5912681
2026-02-14 20:30:00,/Volumes/Argus/unk/snap/c1/1771101000.c1.snap.jpg,0.8195417
2026-02-14 21:00:00,/Volumes/Argus/unk/snap/c1/1771102800.c1.snap.jpg,0.44135788
2026-02-14 21:30:00,/Volumes/Argus/unk/snap/c1/1771104600.c1.snap.jpg,0.40304285
2026-02-14 22:30:00,/Volumes/Argus/unk/snap/c1/1771108200.c1.snap.jpg,0.4742533
2026-02-14 23:00:00,/Volumes/Argus/unk/snap/c1/1771110000.c1.snap.jpg,0.3816225
2026-02-14 23:30:00,/Volumes/Argus/unk/snap/c1/1771111800.c1.snap.jpg,0.51939076
2026-02-15 00:00:00,/Volumes/Argus/unk/snap/c1/1771113600.c1.snap.jpg,0.33941308
2026-02-15 00:30:00,/Volumes/Argus/unk/snap/c1/1771115400.c1.snap.jpg,0.45270938
2026-02-15 01:30:00,/Volumes/Argus/unk/snap/c1/1771119000.c1.snap.jpg,0.52955246
2026-02-15 02:00:00,/Volumes/Argus/unk/snap/c1/1771120800.c1.snap.jpg,1.0593265
2026-02-15 02:30:00,/Volumes/Argus/unk/snap/c1/1771122600.c1.snap.jpg,1.1753654
2026-02-15 03:00:00,/Volumes/Argus/unk/snap/c1/1771124400.c1.snap.jpg,1.1591942
2026-02-15 03:30:00,/Volumes/Argus/unk/snap/c1/1771126200.c1.snap.jpg,0.9263936
2026-02-15 04:00:00,/Volumes/Argus/unk/snap/c1/1771128000.c1.snap.jpg,0.72183824
2026-02-15 18:00:00,/Volumes/Argus/unk/snap/c1/1771178400.c1.snap.jpg,1.4045783
2026-02-15 18:30:00,/Volumes/Argus/unk/snap/c1/1771180200.c1.snap.jpg,0.6930784
2026-02-15 19:00:00,/Volumes/Argus/unk/snap/c1/1771182000.c1.snap.jpg,0.7362116
2026-02-15 19:30:00,/Volumes/Argus/unk/snap/c1/1771183800.c1.snap.jpg,0.5371371
2026-02-15 20:00:00,/Volumes/Argus/unk/snap/c1/1771185600.c1.snap.jpg,0.5304486
2026-02-15 20:30:00,/Volumes/Argus/unk/snap/c1/1771187400.c1.snap.jpg,0.88337207
2026-02-15 21:00:00,/Volumes/Argus/unk/snap/c1/1771189200.c1.snap.jpg,0.9301486
2026-02-15 22:00:00,/Volumes/Argus/unk/snap/c1/1771192800.c1.snap.jpg,1.0755789
2026-02-15 22:30:00,/Volumes/Argus/unk/snap/c1/1771194600.c1.snap.jpg,0.9739924
2026-02-15 23:00:00,/Volumes/Argus/unk/snap/c1/1771196400.c1.snap.jpg,0.72692704
2026-02-15 23:30:00,/Volumes/Argus/unk/snap/c1/1771198200.c1.snap.jpg,0.6443329
2026-02-16 00:00:00,/Volumes/Argus/unk/snap/c1/1771200000.c1.snap.jpg,0.6034063
2026-02-16 00:30:00,/Volumes/Argus/unk/snap/c1/1771201800.c1.snap.jpg,0.7911942
2026-02-16 01:30:00,/Volumes/Argus/unk/snap/c1/1771205400.c1.snap.jpg,0.44379193
2026-02-16 02:00:00,/Volumes/Argus/unk/snap/c1/1771207200.c1.snap.jpg,0.8818346
2026-02-16 02:30:00,/Volumes/Argus/unk/snap/c1/1771209000.c1.snap.jpg,1.3889027
2026-02-16 03:00:00,/Volumes/Argus/unk/snap/c1/1771210800.c1.snap.jpg,0.80015856
2026-02-16 03:30:00,/Volumes/Argus/unk/snap/c1/1771212600.c1.snap.jpg,0.4420976
2026-02-16 04:00:00,/Volumes/Argus/unk/snap/c1/1771214400.c1.snap.jpg,0.52969867
2026-02-16 18:00:00,/Volumes/Argus/unk/snap/c1/1771264800.c1.snap.jpg,0.5215356
2026-02-16 18:30:00,/Volumes/Argus/unk/snap/c1/1771266600.c1.snap.jpg,0.65965486
2026-02-16 19:00:00,/Volumes/Argus/unk/snap/c1/1771268400.c1.snap.jpg,0.53794783
2026-02-16 19:30:00,/Volumes/Argus/unk/snap/c1/1771270200.c1.snap.jpg,0.60796154
2026-02-16 20:30:00,/Volumes/Argus/unk/snap/c1/1771273800.c1.snap.jpg,0.74566984
2026-02-16 21:00:00,/Volumes/Argus/unk/snap/c1/1771275600.c1.snap.jpg,0.6327605
2026-02-16 21:30:00,/Volumes/Argus/unk/snap/c1/1771277400.c1.snap.jpg,0.63700634
2026-02-16 22:00:00,/Volumes/Argus/unk/snap/c1/1771279200.c1.snap.jpg,0.5231811
2026-02-16 22:30:00,/Volumes/Argus/unk/snap/c1/1771281000.c1.snap.jpg,0.63086414
2026-02-16 23:00:00,/Volumes/Argus/unk/snap/c1/1771282800.c1.snap.jpg,0.6003758
2026-02-16 23:30:00,/Volumes/Argus/unk/snap/c1/1771284600.c1.snap.jpg,0.4935828
2026-02-17 00:00:00,/Volumes/Argus/unk/snap/c1/1771286400.c1.snap.jpg,0.47827968
2026-02-17 00:30:00,/Volumes/Argus/unk/snap/c1/1771288200.c1.snap.jpg,0.56443274
2026-02-17 01:00:00,/Volumes/Argus/unk/snap/c1/1771290000.c1.snap.jpg,0.5607832
2026-02-17 01:30:00,/Volumes/Argus/unk/snap/c1/1771291800.c1.snap.jpg,0.5783011
2026-02-17 02:00:00,/Volumes/Argus/unk/snap/c1/1771293600.c1.snap.jpg,0.4473974
2026-02-17 02:30:00,/Volumes/Argus/unk/snap/c1/1771295400.c1.snap.jpg,0.535116
2026-02-17 03:00:00,/Volumes/Argus/unk/snap/c1/1771297200.c1.snap.jpg,0.6034646
2026-02-17 03:30:00,/Volumes/Argus/unk/snap/c1/1771299000.c1.snap.jpg,0.5389726
2026-02-17 04:00:00,/Volumes/Argus/unk/snap/c1/1771300800.c1.snap.jpg,0.7710411
2026-02-17 18:00:00,/Volumes/Argus/unk/snap/c1/1771351200.c1.snap.jpg,0.68350804
2026-02-17 18:30:00,/Volumes/Argus/unk/snap/c1/1771353000.c1.snap.jpg,0.696774
2026-02-17 19:00:00,/Volumes/Argus/unk/snap/c1/1771354800.c1.snap.jpg,0.53604054
2026-02-17 19:30:00,/Volumes/Argus/unk/snap/c1/1771356600.c1.snap.jpg,0.48914284
2026-02-17 20:00:00,/Volumes/Argus/unk/snap/c1/1771358400.c1.snap.jpg,0.5477716
2026-02-17 20:30:00,/Volumes/Argus/unk/snap/c1/1771360200.c1.snap.jpg,0.54428715
2026-02-17 21:00:00,/Volumes/Argus/unk/snap/c1/1771362000.c1.snap.jpg,0.5985645
2026-02-17 21:30:00,/Volumes/Argus/unk/snap/c1/1771363800.c1.snap.jpg,0.66406834
2026-02-17 22:00:00,/Volumes/Argus/unk/snap/c1/1771365600.c1.snap.jpg,0.72680044
2026-02-17 22:30:00,/Volumes/Argus/unk/snap/c1/1771367400.c1.snap.jpg,0.8224015
2026-02-17 23:00:00,/Volumes/Argus/unk/snap/c1/1771369200.c1.snap.jpg,0.91524523
2026-02-17 23:30:00,/Volumes/Argus/unk/snap/c1/1771371000.c1.snap.jpg,0.9123423
2026-02-18 00:00:00,/Volumes/Argus/unk/snap/c1/1771372800.c1.snap.jpg,0.90331084
2026-02-18 00:30:00,/Volumes/Argus/unk/snap/c1/1771374600.c1.snap.jpg,0.91046005
2026-02-18 01:00:00,/Volumes/Argus/unk/snap/c1/1771376400.c1.snap.jpg,0.88231355
2026-02-18 01:30:00,/Volumes/Argus/unk/snap/c1/1771378200.c1.snap.jpg,0.86274576
2026-02-18 02:00:00,/Volumes/Argus/unk/snap/c1/1771380000.c1.snap.jpg,0.86481
2026-02-18 02:30:00,/Volumes/Argus/unk/snap/c1/1771381800.c1.snap.jpg,0.8311893
2026-02-18 03:00:00,/Volumes/Argus/unk/snap/c1/1771383600.c1.snap.jpg,0.9137243
2026-02-18 03:30:00,/Volumes/Argus/unk/snap/c1/1771385400.c1.snap.jpg,0.8599986
2026-02-18 04:00:00,/Volumes/Argus/unk/snap/c1/1771387200.c1.snap.jpg,0.6278951
2026-02-18 18:00:00,/Volumes/Argus/unk/snap/c1/1771437600.c1.snap.jpg,0.38899356
2026-02-18 18:30:00,/Volumes/Argus/unk/snap/c1/1771439400.c1.snap.jpg,0.4012412
2026-02-18 19:00:00,/Volumes/Argus/unk/snap/c1/1771441200.c1.snap.jpg,0.3871343
2026-02-18 20:00:00,/Volumes/Argus/unk/snap/c1/1771444800.c1.snap.jpg,0.39522815
2026-02-18 20:30:00,/Volumes/Argus/unk/snap/c1/1771446600.c1.snap.jpg,0.39099056
2026-02-18 21:00:00,/Volumes/Argus/unk/snap/c1/1771448400.c1.snap.jpg,0.43125495
2026-02-18 21:30:00,/Volumes/Argus/unk/snap/c1/1771450200.c1.snap.jpg,0.44826227
2026-02-18 22:00:00,/Volumes/Argus/unk/snap/c1/1771452000.c1.snap.jpg,0.4003176
2026-02-18 22:30:00,/Volumes/Argus/unk/snap/c1/1771453800.c1.snap.jpg,0.43705457
2026-02-18 23:00:00,/Volumes/Argus/unk/snap/c1/1771455600.c1.snap.jpg,0.4339093
2026-02-18 23:30:00,/Volumes/Argus/unk/snap/c1/1771457400.c1.snap.jpg,0.51116836
2026-02-19 00:00:00,/Volumes/Argus/unk/snap/c1/1771459200.c1.snap.jpg,0.42218345
2026-02-19 00:30:00,/Volumes/Argus/unk/snap/c1/1771461000.c1.snap.jpg,0.42590007
2026-02-19 01:00:00,/Volumes/Argus/unk/snap/c1/1771462800.c1.snap.jpg,0.515473
2026-02-19 01:30:00,/Volumes/Argus/unk/snap/c1/1771464600.c1.snap.jpg,0.5097902
2026-02-19 02:30:00,/Volumes/Argus/unk/snap/c1/1771468200.c1.snap.jpg,0.47690332
2026-02-19 03:00:00,/Volumes/Argus/unk/snap/c1/1771470000.c1.snap.jpg,0.44710255
2026-02-19 03:30:00,/Volumes/Argus/unk/snap/c1/1771471800.c1.snap.jpg,0.4579632
2026-02-19 04:00:00,/Volumes/Argus/unk/snap/c1/1771473600.c1.snap.jpg,0.42911994
2026-02-19 18:00:00,/Volumes/Argus/unk/snap/c1/1771524000.c1.snap.jpg,0.5927006
2026-02-19 18:30:00,/Volumes/Argus/unk/snap/c1/1771525800.c1.snap.jpg,0.42520255
2026-02-19 19:00:00,/Volumes/Argus/unk/snap/c1/1771527600.c1.snap.jpg,0.44192627
2026-02-19 19:30:00,/Volumes/Argus/unk/snap/c1/1771529400.c1.snap.jpg,0.38360906
2026-02-19 20:00:00,/Volumes/Argus/unk/snap/c1/1771531200.c1.snap.jpg,0.61931753
2026-02-19 20:30:00,/Volumes/Argus/unk/snap/c1/1771533000.c1.snap.jpg,0.39965755
2026-02-19 21:00:00,/Volumes/Argus/unk/snap/c1/1771534800.c1.snap.jpg,0.4168511
2026-02-19 21:30:00,/Volumes/Argus/unk/snap/c1/1771536600.c1.snap.jpg,0.41117424
2026-02-19 22:00:00,/Volumes/Argus/unk/snap/c1/1771538400.c1.snap.jpg,0.5534987
2026-02-19 22:30:00,/Volumes/Argus/unk/snap/c1/1771540200.c1.snap.jpg,0.52370846
2026-02-19 23:00:00,/Volumes/Argus/unk/snap/c1/1771542000.c1.snap.jpg,0.5798163
2026-02-19 23:30:00,/Volumes/Argus/unk/snap/c1/1771543800.c1.snap.jpg,0.5639678
2026-02-20 00:00:00,/Volumes/Argus/unk/snap/c1/1771545600.c1.snap.jpg,0.6064788
2026-02-20 00:30:00,/Volumes/Argus/unk/snap/c1/1771547400.c1.snap.jpg,0.5782563
2026-02-20 01:00:00,/Volumes/Argus/unk/snap/c1/1771549200.c1.snap.jpg,0.7352457
2026-02-20 01:30:00,/Volumes/Argus/unk/snap/c1/1771551000.c1.snap.jpg,0.74683213
2026-02-20 02:00:00,/Volumes/Argus/unk/snap/c1/1771552800.c1.snap.jpg,0.5922964
2026-02-20 02:30:00,/Volumes/Argus/unk/snap/c1/1771554600.c1.snap.jpg,0.83866554
2026-02-20 03:00:00,/Volumes/Argus/unk/snap/c1/1771556400.c1.snap.jpg,0.65401155
2026-02-20 03:30:00,/Volumes/Argus/unk/snap/c1/1771558200.c1.snap.jpg,0.8222819
2026-02-20 04:00:00,/Volumes/Argus/unk/snap/c1/1771560000.c1.snap.jpg,1.0526874
2026-02-20 18:00:00,/Volumes/Argus/unk/snap/c1/1771610400.c1.snap.jpg,0.63649267
2026-02-20 18:30:00,/Volumes/Argus/unk/snap/c1/1771612200.c1.snap.jpg,0.51018584
2026-02-20 19:00:00,/Volumes/Argus/unk/snap/c1/1771614000.c1.snap.jpg,0.52007735
2026-02-20 19:30:00,/Volumes/Argus/unk/snap/c1/1771615800.c1.snap.jpg,0.43807206
2026-02-20 20:00:00,/Volumes/Argus/unk/snap/c1/1771617600.c1.snap.jpg,0.53860193
2026-02-20 20:30:00,/Volumes/Argus/unk/snap/c1/1771619400.c1.snap.jpg,0.4823888
2026-02-20 21:00:00,/Volumes/Argus/unk/snap/c1/1771621200.c1.snap.jpg,0.55213726
2026-02-20 21:30:00,/Volumes/Argus/unk/snap/c1/1771623000.c1.snap.jpg,0.46946234
2026-02-20 22:00:00,/Volumes/Argus/unk/snap/c1/1771624800.c1.snap.jpg,0.6333399
2026-02-20 22:30:00,/Volumes/Argus/unk/snap/c1/1771626600.c1.snap.jpg,0.54094124
2026-02-20 23:00:00,/Volumes/Argus/unk/snap/c1/1771628400.c1.snap.jpg,0.6425785
2026-02-20 23:30:00,/Volumes/Argus/unk/snap/c1/1771630200.c1.snap.jpg,0.6280557
2026-02-21 00:00:00,/Volumes/Argus/unk/snap/c1/1771632000.c1.snap.jpg,0.8160531
2026-02-21 00:30:00,/Volumes/Argus/unk/snap/c1/1771633800.c1.snap.jpg,0.8499652
2026-02-21 01:00:00,/Volumes/Argus/unk/snap/c1/1771635600.c1.snap.jpg,0.87070805
2026-02-21 01:30:00,/Volumes/Argus/unk/snap/c1/1771637400.c1.snap.jpg,0.7594433
2026-02-21 02:00:00,/Volumes/Argus/unk/snap/c1/1771639200.c1.snap.jpg,0.83835304
2026-02-21 02:30:00,/Volumes/Argus/unk/snap/c1/1771641000.c1.snap.jpg,0.5830379
2026-02-21 03:30:00,/Volumes/Argus/unk/snap/c1/1771644600.c1.snap.jpg,0.58767664
2026-02-21 18:00:00,/Volumes/Argus/unk/snap/c1/1771696800.c1.snap.jpg,0.6919508
2026-02-21 18:30:00,/Volumes/Argus/unk/snap/c1/1771698600.c1.snap.jpg,0.67632353
2026-02-21 19:00:00,/Volumes/Argus/unk/snap/c1/1771700400.c1.snap.jpg,0.6727252
2026-02-21 19:30:00,/Volumes/Argus/unk/snap/c1/1771702200.c1.snap.jpg,0.66084886
2026-02-21 20:00:00,/Volumes/Argus/unk/snap/c1/1771704000.c1.snap.jpg,0.54321414
2026-02-21 20:30:00,/Volumes/Argus/unk/snap/c1/1771705800.c1.snap.jpg,0.54232186
2026-02-21 21:00:00,/Volumes/Argus/unk/snap/c1/1771707600.c1.snap.jpg,0.45768297
2026-02-21 21:30:00,/Volumes/Argus/unk/snap/c1/1771709400.c1.snap.jpg,0.5066009
2026-02-21 22:00:00,/Volumes/Argus/unk/snap/c1/1771711200.c1.snap.jpg,0.4323609
2026-02-21 22:30:00,/Volumes/Argus/unk/snap/c1/1771713000.c1.snap.jpg,0.47852024
2026-02-21 23:30:00,/Volumes/Argus/unk/snap/c1/1771716600.c1.snap.jpg,0.633216
2026-02-22 00:00:00,/Volumes/Argus/unk/snap/c1/1771718400.c1.snap.jpg,0.5414915
2026-02-22 00:30:00,/Volumes/Argus/unk/snap/c1/1771720200.c1.snap.jpg,0.46243575
2026-02-22 01:00:00,/Volumes/Argus/unk/snap/c1/1771722000.c1.snap.jpg,0.59842676
2026-02-22 01:30:00,/Volumes/Argus/unk/snap/c1/1771723800.c1.snap.jpg,0.70706993
2026-02-22 02:00:00,/Volumes/Argus/unk/snap/c1/1771725600.c1.snap.jpg,0.6677457
2026-02-22 03:00:00,/Volumes/Argus/unk/snap/c1/1771729200.c1.snap.jpg,0.51361185
2026-02-22 03:30:00,/Volumes/Argus/unk/snap/c1/1771731000.c1.snap.jpg,0.49138245
2026-02-22 04:00:00,/Volumes/Argus/unk/snap/c1/1771732800.c1.snap.jpg,0.5268108
2026-02-23 17:30:00,/Volumes/Argus/unk/snap/c1/1771867800.c1.snap.jpg,1.1669874
2026-02-23 18:00:00,/Volumes/Argus/unk/snap/c1/1771869600.c1.snap.jpg,0.6109717
2026-02-23 18:30:00,/Volumes/Argus/unk/snap/c1/1771871400.c1.snap.jpg,0.90108377
2026-02-23 19:00:00,/Volumes/Argus/unk/snap/c1/1771873200.c1.snap.jpg,0.8897047
2026-02-23 19:30:00,/Volumes/Argus/unk/snap/c1/1771875000.c1.snap.jpg,0.50882447
2026-02-23 20:00:00,/Volumes/Argus/unk/snap/c1/1771876800.c1.snap.jpg,1.1993123
2026-02-23 20:30:00,/Volumes/Argus/unk/snap/c1/1771878600.c1.snap.jpg,0.7568908
2026-02-23 21:30:00,/Volumes/Argus/unk/snap/c1/1771882200.c1.snap.jpg,0.69654703
2026-02-23 22:00:00,/Volumes/Argus/unk/snap/c1/1771884000.c1.snap.jpg,0.76498634
2026-02-23 22:30:00,/Volumes/Argus/unk/snap/c1/1771885800.c1.snap.jpg,0.6071058
2026-02-23 23:00:00,/Volumes/Argus/unk/snap/c1/1771887600.c1.snap.jpg,0.50250345
2026-02-23 23:30:00,/Volumes/Argus/unk/snap/c1/1771889400.c1.snap.jpg,0.4609097
2026-02-24 00:00:00,/Volumes/Argus/unk/snap/c1/1771891200.c1.snap.jpg,0.42832428
2026-02-24 00:30:00,/Volumes/Argus/unk/snap/c1/1771893000.c1.snap.jpg,0.42672795
2026-02-24 01:00:00,/Volumes/Argus/unk/snap/c1/1771894800.c1.snap.jpg,0.42736852
2026-02-24 01:30:00,/Volumes/Argus/unk/snap/c1/1771896600.c1.snap.jpg,0.4854455
2026-02-24 02:00:00,/Volumes/Argus/unk/snap/c1/1771898400.c1.snap.jpg,0.58074737
2026-02-24 03:00:00,/Volumes/Argus/unk/snap/c1/1771902000.c1.snap.jpg,0.6115669
2026-02-24 03:30:00,/Volumes/Argus/unk/snap/c1/1771903800.c1.snap.jpg,0.48317918
2026-02-24 04:00:00,/Volumes/Argus/unk/snap/c1/1771905600.c1.snap.jpg,0.427561
2026-02-24 17:30:00,/Volumes/Argus/unk/snap/c1/1771954200.c1.snap.jpg,0.7131511
2026-02-24 18:00:00,/Volumes/Argus/unk/snap/c1/1771956000.c1.snap.jpg,0.57297426
2026-02-24 18:30:00,/Volumes/Argus/unk/snap/c1/1771957800.c1.snap.jpg,0.5082078
2026-02-24 19:00:00,/Volumes/Argus/unk/snap/c1/1771959600.c1.snap.jpg,0.4619763
2026-02-24 19:30:00,/Volumes/Argus/unk/snap/c1/1771961400.c1.snap.jpg,0.6861213
2026-02-24 20:00:00,/Volumes/Argus/unk/snap/c1/1771963200.c1.snap.jpg,0.56183964
2026-02-24 20:30:00,/Volumes/Argus/unk/snap/c1/1771965000.c1.snap.jpg,0.4686942
2026-02-24 21:00:00,/Volumes/Argus/unk/snap/c1/1771966800.c1.snap.jpg,0.54827917
2026-02-24 21:30:00,/Volumes/Argus/unk/snap/c1/1771968600.c1.snap.jpg,0.41695482
2026-02-24 22:00:00,/Volumes/Argus/unk/snap/c1/1771970400.c1.snap.jpg,0.882902
2026-02-24 22:30:00,/Volumes/Argus/unk/snap/c1/1771972200.c1.snap.jpg,0.8296316
2026-02-24 23:00:00,/Volumes/Argus/unk/snap/c1/1771974000.c1.snap.jpg,0.8281674
2026-02-24 23:30:00,/Volumes/Argus/unk/snap/c1/1771975800.c1.snap.jpg,0.85036486
2026-02-25 00:00:00,/Volumes/Argus/unk/snap/c1/1771977600.c1.snap.jpg,0.8092561
2026-02-25 00:30:00,/Volumes/Argus/unk/snap/c1/1771979400.c1.snap.jpg,0.87567854
2026-02-25 01:00:00,/Volumes/Argus/unk/snap/c1/1771981200.c1.snap.jpg,0.9055464
2026-02-25 01:30:00,/Volumes/Argus/unk/snap/c1/1771983000.c1.snap.jpg,0.97138083
2026-02-25 02:00:00,/Volumes/Argus/unk/snap/c1/1771984800.c1.snap.jpg,0.76189566
2026-02-25 02:30:00,/Volumes/Argus/unk/snap/c1/1771986600.c1.snap.jpg,0.7308229
2026-02-25 03:00:00,/Volumes/Argus/unk/snap/c1/1771988400.c1.snap.jpg,0.72829366
2026-02-25 03:30:00,/Volumes/Argus/unk/snap/c1/1771990200.c1.snap.jpg,0.99241
2026-02-25 04:00:00,/Volumes/Argus/unk/snap/c1/1771992000.c1.snap.jpg,0.75071466
2026-02-25 04:30:00,/Volumes/Argus/unk/snap/c1/1771993800.c1.snap.jpg,1.1850917
2026-02-25 17:30:00,/Volumes/Argus/unk/snap/c1/1772040600.c1.snap.jpg,0.8323164
2026-02-25 18:00:00,/Volumes/Argus/unk/snap/c1/1772042400.c1.snap.jpg,0.4987836
2026-02-25 18:30:00,/Volumes/Argus/unk/snap/c1/1772044200.c1.snap.jpg,0.41205245
2026-02-25 19:00:00,/Volumes/Argus/unk/snap/c1/1772046000.c1.snap.jpg,0.8331431
2026-02-25 19:30:00,/Volumes/Argus/unk/snap/c1/1772047800.c1.snap.jpg,0.37182778
2026-02-25 20:00:00,/Volumes/Argus/unk/snap/c1/1772049600.c1.snap.jpg,0.6106448
2026-02-25 20:30:00,/Volumes/Argus/unk/snap/c1/1772051400.c1.snap.jpg,0.4544953
2026-02-25 21:00:00,/Volumes/Argus/unk/snap/c1/1772053200.c1.snap.jpg,0.44459966
2026-02-25 21:30:00,/Volumes/Argus/unk/snap/c1/1772055000.c1.snap.jpg,0.66060853
2026-02-25 22:00:00,/Volumes/Argus/unk/snap/c1/1772056800.c1.snap.jpg,0.6837839
2026-02-25 22:30:00,/Volumes/Argus/unk/snap/c1/1772058600.c1.snap.jpg,0.6284414
2026-02-25 23:00:00,/Volumes/Argus/unk/snap/c1/1772060400.c1.snap.jpg,0.73653513
2026-02-25 23:30:00,/Volumes/Argus/unk/snap/c1/1772062200.c1.snap.jpg,0.78232276
2026-02-26 00:00:00,/Volumes/Argus/unk/snap/c1/1772064000.c1.snap.jpg,0.78661084
2026-02-26 00:30:00,/Volumes/Argus/unk/snap/c1/1772065800.c1.snap.jpg,0.76456547
2026-02-26 01:00:00,/Volumes/Argus/unk/snap/c1/1772067600.c1.snap.jpg,0.8670533
2026-02-26 01:30:00,/Volumes/Argus/unk/snap/c1/1772069400.c1.snap.jpg,0.74962395
2026-02-26 02:00:00,/Volumes/Argus/unk/snap/c1/1772071200.c1.snap.jpg,0.91617966
2026-02-26 02:30:00,/Volumes/Argus/unk/snap/c1/1772073000.c1.snap.jpg,0.85350144
2026-02-26 03:00:00,/Volumes/Argus/unk/snap/c1/1772074800.c1.snap.jpg,0.84526026
2026-02-26 03:30:00,/Volumes/Argus/unk/snap/c1/1772076600.c1.snap.jpg,1.2324268
2026-02-26 04:00:00,/Volumes/Argus/unk/snap/c1/1772078400.c1.snap.jpg,1.1676211
2026-02-26 04:30:00,/Volumes/Argus/unk/snap/c1/1772080200.c1.snap.jpg,1.2179021
2026-02-26 17:30:00,/Volumes/Argus/unk/snap/c1/1772127000.c1.snap.jpg,0.5587106
2026-02-26 18:00:00,/Volumes/Argus/unk/snap/c1/1772128800.c1.snap.jpg,0.53255254
2026-02-26 18:30:00,/Volumes/Argus/unk/snap/c1/1772130600.c1.snap.jpg,0.43974337
2026-02-26 19:00:00,/Volumes/Argus/unk/snap/c1/1772132400.c1.snap.jpg,0.61125207
2026-02-26 19:30:00,/Volumes/Argus/unk/snap/c1/1772134200.c1.snap.jpg,0.56450677
2026-02-26 20:00:00,/Volumes/Argus/unk/snap/c1/1772136000.c1.snap.jpg,0.70045245
2026-02-26 20:30:00,/Volumes/Argus/unk/snap/c1/1772137800.c1.snap.jpg,0.6070212
2026-02-26 21:00:00,/Volumes/Argus/unk/snap/c1/1772139600.c1.snap.jpg,0.6026149
2026-02-26 21:30:00,/Volumes/Argus/unk/snap/c1/1772141400.c1.snap.jpg,0.6253166
2026-02-26 22:00:00,/Volumes/Argus/unk/snap/c1/1772143200.c1.snap.jpg,0.68592286
2026-02-26 22:30:00,/Volumes/Argus/unk/snap/c1/1772145000.c1.snap.jpg,0.7099822
2026-02-26 23:00:00,/Volumes/Argus/unk/snap/c1/1772146800.c1.snap.jpg,0.7941079
2026-02-26 23:30:00,/Volumes/Argus/unk/snap/c1/1772148600.c1.snap.jpg,0.8200254
2026-02-27 00:00:00,/Volumes/Argus/unk/snap/c1/1772150400.c1.snap.jpg,0.7927289
2026-02-27 00:30:00,/Volumes/Argus/unk/snap/c1/1772152200.c1.snap.jpg,0.7977395
2026-02-27 01:30:00,/Volumes/Argus/unk/snap/c1/1772155800.c1.snap.jpg,0.88164854
2026-02-27 02:00:00,/Volumes/Argus/unk/snap/c1/1772157600.c1.snap.jpg,0.83867186
2026-02-27 02:30:00,/Volumes/Argus/unk/snap/c1/1772159400.c1.snap.jpg,0.82476044
2026-02-27 03:00:00,/Volumes/Argus/unk/snap/c1/1772161200.c1.snap.jpg,0.6717454
2026-02-27 03:30:00,/Volumes/Argus/unk/snap/c1/1772163000.c1.snap.jpg,0.722039
2026-02-27 04:00:00,/Volumes/Argus/unk/snap/c1/1772164800.c1.snap.jpg,1.8201131
2026-02-27 17:30:00,/Volumes/Argus/unk/snap/c1/1772213400.c1.snap.jpg,0.7944844
2026-02-27 18:00:00,/Volumes/Argus/unk/snap/c1/1772215200.c1.snap.jpg,0.6464058
2026-02-27 18:30:00,/Volumes/Argus/unk/snap/c1/1772217000.c1.snap.jpg,0.5088984
2026-02-27 19:00:00,/Volumes/Argus/unk/snap/c1/1772218800.c1.snap.jpg,0.6069552
2026-02-27 19:30:00,/Volumes/Argus/unk/snap/c1/1772220600.c1.snap.jpg,0.6160988
2026-02-27 20:00:00,/Volumes/Argus/unk/snap/c1/1772222400.c1.snap.jpg,0.6919517
2026-02-27 20:30:00,/Volumes/Argus/unk/snap/c1/1772224200.c1.snap.jpg,0.6096933
2026-02-27 21:00:00,/Volumes/Argus/unk/snap/c1/1772226000.c1.snap.jpg,0.6881191
2026-02-27 21:30:00,/Volumes/Argus/unk/snap/c1/1772227800.c1.snap.jpg,0.7673559
2026-02-27 22:00:00,/Volumes/Argus/unk/snap/c1/1772229600.c1.snap.jpg,0.74789965
2026-02-27 22:30:00,/Volumes/Argus/unk/snap/c1/1772231400.c1.snap.jpg,0.6665839
2026-02-27 23:00:00,/Volumes/Argus/unk/snap/c1/1772233200.c1.snap.jpg,0.6867906
2026-02-27 23:30:00,/Volumes/Argus/unk/snap/c1/1772235000.c1.snap.jpg,0.68879
2026-02-28 00:00:00,/Volumes/Argus/unk/snap/c1/1772236800.c1.snap.jpg,0.70497423
2026-02-28 00:30:00,/Volumes/Argus/unk/snap/c1/1772238600.c1.snap.jpg,0.7015977
2026-02-28 01:00:00,/Volumes/Argus/unk/snap/c1/1772240400.c1.snap.jpg,0.76312315
2026-02-28 01:30:00,/Volumes/Argus/unk/snap/c1/1772242200.c1.snap.jpg,0.9416169
2026-02-28 02:00:00,/Volumes/Argus/unk/snap/c1/1772244000.c1.snap.jpg,0.925055
2026-02-28 02:30:00,/Volumes/Argus/unk/snap/c1/1772245800.c1.snap.jpg,1.1434381
2026-02-28 03:00:00,/Volumes/Argus/unk/snap/c1/1772247600.c1.snap.jpg,0.80304146
2026-02-28 03:30:00,/Volumes/Argus/unk/snap/c1/1772249400.c1.snap.jpg,0.76778626
2026-02-28 04:00:00,/Volumes/Argus/unk/snap/c1/1772251200.c1.snap.jpg,1.0350168
2026-02-28 04:30:00,/Volumes/Argus/unk/snap/c1/1772253000.c1.snap.jpg,1.0195796
2026-02-28 17:30:00,/Volumes/Argus/unk/snap/c1/1772299800.c1.snap.jpg,0.65975845
2026-02-28 18:00:00,/Volumes/Argus/unk/snap/c1/1772301600.c1.snap.jpg,0.7127888
2026-02-28 18:30:00,/Volumes/Argus/unk/snap/c1/1772303400.c1.snap.jpg,0.4760725
2026-02-28 19:00:00,/Volumes/Argus/unk/snap/c1/1772305200.c1.snap.jpg,0.54915
2026-02-28 19:30:00,/Volumes/Argus/unk/snap/c1/1772307000.c1.snap.jpg,0.5186528
2026-02-28 20:00:00,/Volumes/Argus/unk/snap/c1/1772308800.c1.snap.jpg,0.5811475
2026-02-28 20:30:00,/Volumes/Argus/unk/snap/c1/1772310600.c1.snap.jpg,0.560786
2026-02-28 21:00:00,/Volumes/Argus/unk/snap/c1/1772312400.c1.snap.jpg,0.57140064
2026-02-28 21:30:00,/Volumes/Argus/unk/snap/c1/1772314200.c1.snap.jpg,0.58929896
2026-02-28 22:00:00,/Volumes/Argus/unk/snap/c1/1772316000.c1.snap.jpg,0.7779773
2026-02-28 22:30:00,/Volumes/Argus/unk/snap/c1/1772317800.c1.snap.jpg,1.0289526
2026-02-28 23:00:00,/Volumes/Argus/unk/snap/c1/1772319600.c1.snap.jpg,0.91417986
2026-02-28 23:30:00,/Volumes/Argus/unk/snap/c1/1772321400.c1.snap.jpg,0.7959762
2026-03-01 00:00:00,/Volumes/Argus/unk/snap/c1/1772323200.c1.snap.jpg,0.79647243
2026-03-01 00:30:00,/Volumes/Argus/unk/snap/c1/1772325000.c1.snap.jpg,0.9016157
2026-03-01 01:00:00,/Volumes/Argus/unk/snap/c1/1772326800.c1.snap.jpg,0.82328546
2026-03-01 01:30:00,/Volumes/Argus/unk/snap/c1/1772328600.c1.snap.jpg,1.0284702
2026-03-01 02:00:00,/Volumes/Argus/unk/snap/c1/1772330400.c1.snap.jpg,0.8725333
2026-03-01 02:30:00,/Volumes/Argus/unk/snap/c1/1772332200.c1.snap.jpg,1.0690732
2026-03-01 03:00:00,/Volumes/Argus/unk/snap/c1/1772334000.c1.snap.jpg,0.7497914
2026-03-01 03:30:00,/Volumes/Argus/unk/snap/c1/1772335800.c1.snap.jpg,0.73234487
2026-03-01 04:00:00,/Volumes/Argus/unk/snap/c1/1772337600.c1.snap.jpg,1.2375244
2026-03-01 04:30:00,/Volumes/Argus/unk/snap/c1/1772339400.c1.snap.jpg,1.0145947
2026-03-01 17:30:00,/Volumes/Argus/unk/snap/c1/1772386200.c1.snap.jpg,0.7874723
2026-03-01 18:00:00,/Volumes/Argus/unk/snap/c1/1772388000.c1.snap.jpg,0.72911036
2026-03-01 19:00:00,/Volumes/Argus/unk/snap/c1/1772391600.c1.snap.jpg,0.6469409
2026-03-01 19:30:00,/Volumes/Argus/unk/snap/c1/1772393400.c1.snap.jpg,0.63549536
2026-03-01 20:00:00,/Volumes/Argus/unk/snap/c1/1772395200.c1.snap.jpg,0.8328655
2026-03-01 20:30:00,/Volumes/Argus/unk/snap/c1/1772397000.c1.snap.jpg,0.62451607
2026-03-01 21:00:00,/Volumes/Argus/unk/snap/c1/1772398800.c1.snap.jpg,0.6244591
2026-03-01 21:30:00,/Volumes/Argus/unk/snap/c1/1772400600.c1.snap.jpg,0.6508372
2026-03-01 22:00:00,/Volumes/Argus/unk/snap/c1/1772402400.c1.snap.jpg,0.7564615
2026-03-01 22:30:00,/Volumes/Argus/unk/snap/c1/1772404200.c1.snap.jpg,0.62412155
2026-03-01 23:00:00,/Volumes/Argus/unk/snap/c1/1772406000.c1.snap.jpg,0.67671776
2026-03-01 23:30:00,/Volumes/Argus/unk/snap/c1/1772407800.c1.snap.jpg,0.7092927
2026-03-02 00:00:00,/Volumes/Argus/unk/snap/c1/1772409600.c1.snap.jpg,0.71596396
2026-03-02 00:30:00,/Volumes/Argus/unk/snap/c1/1772411400.c1.snap.jpg,0.6978496
2026-03-02 01:00:00,/Volumes/Argus/unk/snap/c1/1772413200.c1.snap.jpg,0.7306905
2026-03-02 01:30:00,/Volumes/Argus/unk/snap/c1/1772415000.c1.snap.jpg,0.8836372
2026-03-02 02:00:00,/Volumes/Argus/unk/snap/c1/1772416800.c1.snap.jpg,0.7251745
2026-03-02 02:30:00,/Volumes/Argus/unk/snap/c1/1772418600.c1.snap.jpg,1.4629421
2026-03-02 03:00:00,/Volumes/Argus/unk/snap/c1/1772420400.c1.snap.jpg,1.2857988
2026-03-02 03:30:00,/Volumes/Argus/unk/snap/c1/1772422200.c1.snap.jpg,0.66200316
2026-03-02 04:00:00,/Volumes/Argus/unk/snap/c1/1772424000.c1.snap.jpg,1.2214185
2026-03-02 04:30:00,/Volumes/Argus/unk/snap/c1/1772425800.c1.snap.jpg,1.0965213
2026-03-02 17:30:00,/Volumes/Argus/unk/snap/c1/1772472600.c1.snap.jpg,0.7158966
2026-03-02 18:00:00,/Volumes/Argus/unk/snap/c1/1772474400.c1.snap.jpg,0.853009
2026-03-02 18:30:00,/Volumes/Argus/unk/snap/c1/1772476200.c1.snap.jpg,0.5313803
2026-03-02 19:00:00,/Volumes/Argus/unk/snap/c1/1772478000.c1.snap.jpg,0.6131438
2026-03-02 19:30:00,/Volumes/Argus/unk/snap/c1/1772479800.c1.snap.jpg,0.6275377
2026-03-02 20:00:00,/Volumes/Argus/unk/snap/c1/1772481600.c1.snap.jpg,0.65767586
2026-03-02 20:30:00,/Volumes/Argus/unk/snap/c1/1772483400.c1.snap.jpg,0.6263347
2026-03-02 21:00:00,/Volumes/Argus/unk/snap/c1/1772485200.c1.snap.jpg,0.5833923
2026-03-02 21:30:00,/Volumes/Argus/unk/snap/c1/1772487000.c1.snap.jpg,0.66034055
2026-03-02 22:00:00,/Volumes/Argus/unk/snap/c1/1772488800.c1.snap.jpg,0.79523456
2026-03-02 22:30:00,/Volumes/Argus/unk/snap/c1/1772490600.c1.snap.jpg,0.6427419
2026-03-02 23:00:00,/Volumes/Argus/unk/snap/c1/1772492400.c1.snap.jpg,0.70749915
2026-03-02 23:30:00,/Volumes/Argus/unk/snap/c1/1772494200.c1.snap.jpg,0.6959578
2026-03-03 00:00:00,/Volumes/Argus/unk/snap/c1/1772496000.c1.snap.jpg,0.6882712
2026-03-03 00:30:00,/Volumes/Argus/unk/snap/c1/1772497800.c1.snap.jpg,0.69888115
2026-03-03 01:00:00,/Volumes/Argus/unk/snap/c1/1772499600.c1.snap.jpg,0.72499436
2026-03-03 01:30:00,/Volumes/Argus/unk/snap/c1/1772501400.c1.snap.jpg,0.84882355
2026-03-03 02:00:00,/Volumes/Argus/unk/snap/c1/1772503200.c1.snap.jpg,0.8633706
2026-03-03 02:30:00,/Volumes/Argus/unk/snap/c1/1772505000.c1.snap.jpg,0.9231414
2026-03-03 03:00:00,/Volumes/Argus/unk/snap/c1/1772506800.c1.snap.jpg,0.79870844
2026-03-03 03:30:00,/Volumes/Argus/unk/snap/c1/1772508600.c1.snap.jpg,0.8618977
2026-03-03 04:30:00,/Volumes/Argus/unk/snap/c1/1772512200.c1.snap.jpg,0.8202263
2026-03-03 17:30:00,/Volumes/Argus/unk/snap/c1/1772559000.c1.snap.jpg,0.7070835
2026-03-03 18:00:00,/Volumes/Argus/unk/snap/c1/1772560800.c1.snap.jpg,0.5129176
2026-03-03 19:00:00,/Volumes/Argus/unk/snap/c1/1772564400.c1.snap.jpg,0.75917524
2026-03-03 19:30:00,/Volumes/Argus/unk/snap/c1/1772566200.c1.snap.jpg,0.6198425
2026-03-03 20:00:00,/Volumes/Argus/unk/snap/c1/1772568000.c1.snap.jpg,0.9751302
2026-03-03 20:30:00,/Volumes/Argus/unk/snap/c1/1772569800.c1.snap.jpg,0.6635897
2026-03-03 21:00:00,/Volumes/Argus/unk/snap/c1/1772571600.c1.snap.jpg,0.6043724
2026-03-03 21:30:00,/Volumes/Argus/unk/snap/c1/1772573400.c1.snap.jpg,0.56605375
2026-03-03 22:00:00,/Volumes/Argus/unk/snap/c1/1772575200.c1.snap.jpg,0.61006117
2026-03-03 22:30:00,/Volumes/Argus/unk/snap/c1/1772577000.c1.snap.jpg,0.726315
2026-03-03 23:00:00,/Volumes/Argus/unk/snap/c1/1772578800.c1.snap.jpg,0.76366144
2026-03-03 23:30:00,/Volumes/Argus/unk/snap/c1/1772580600.c1.snap.jpg,0.745208
2026-03-04 00:00:00,/Volumes/Argus/unk/snap/c1/1772582400.c1.snap.jpg,0.66020775
2026-03-04 00:30:00,/Volumes/Argus/unk/snap/c1/1772584200.c1.snap.jpg,0.67781013
2026-03-04 01:00:00,/Volumes/Argus/unk/snap/c1/1772586000.c1.snap.jpg,0.70320135
2026-03-04 02:00:00,/Volumes/Argus/unk/snap/c1/1772589600.c1.snap.jpg,0.89900416
2026-03-04 02:30:00,/Volumes/Argus/unk/snap/c1/1772591400.c1.snap.jpg,1.1060916
2026-03-04 03:00:00,/Volumes/Argus/unk/snap/c1/1772593200.c1.snap.jpg,1.153825
2026-03-04 03:30:00,/Volumes/Argus/unk/snap/c1/1772595000.c1.snap.jpg,0.80853915
2026-03-04 04:00:00,/Volumes/Argus/unk/snap/c1/1772596800.c1.snap.jpg,0.67355025
2026-03-04 04:30:00,/Volumes/Argus/unk/snap/c1/1772598600.c1.snap.jpg,0.7744226
2026-03-04 17:00:00,/Volumes/Argus/unk/snap/c1/1772643600.c1.snap.jpg,0.6104126
2026-03-04 17:30:00,/Volumes/Argus/unk/snap/c1/1772645400.c1.snap.jpg,0.6927036
2026-03-04 18:00:00,/Volumes/Argus/unk/snap/c1/1772647200.c1.snap.jpg,0.45291102
2026-03-04 18:30:00,/Volumes/Argus/unk/snap/c1/1772649000.c1.snap.jpg,0.5200411
2026-03-04 19:00:00,/Volumes/Argus/unk/snap/c1/1772650800.c1.snap.jpg,0.5546615
2026-03-04 19:30:00,/Volumes/Argus/unk/snap/c1/1772652600.c1.snap.jpg,0.5948911
2026-03-04 20:00:00,/Volumes/Argus/unk/snap/c1/1772654400.c1.snap.jpg,0.655918
2026-03-04 21:00:00,/Volumes/Argus/unk/snap/c1/1772658000.c1.snap.jpg,0.57731384
2026-03-04 21:30:00,/Volumes/Argus/unk/snap/c1/1772659800.c1.snap.jpg,0.5807643
2026-03-04 22:00:00,/Volumes/Argus/unk/snap/c1/1772661600.c1.snap.jpg,0.6162499
2026-03-04 22:30:00,/Volumes/Argus/unk/snap/c1/1772663400.c1.snap.jpg,0.63844764
2026-03-04 23:00:00,/Volumes/Argus/unk/snap/c1/1772665200.c1.snap.jpg,0.6875392
2026-03-04 23:30:00,/Volumes/Argus/unk/snap/c1/1772667000.c1.snap.jpg,0.64377326
2026-03-05 00:00:00,/Volumes/Argus/unk/snap/c1/1772668800.c1.snap.jpg,0.649248
2026-03-05 00:30:00,/Volumes/Argus/unk/snap/c1/1772670600.c1.snap.jpg,0.64644307
2026-03-05 01:00:00,/Volumes/Argus/unk/snap/c1/1772672400.c1.snap.jpg,0.6875191
2026-03-05 01:30:00,/Volumes/Argus/unk/snap/c1/1772674200.c1.snap.jpg,0.75055975
2026-03-05 02:00:00,/Volumes/Argus/unk/snap/c1/1772676000.c1.snap.jpg,0.9258853
2026-03-05 02:30:00,/Volumes/Argus/unk/snap/c1/1772677800.c1.snap.jpg,0.9861392
2026-03-05 03:00:00,/Volumes/Argus/unk/snap/c1/1772679600.c1.snap.jpg,1.1618277
2026-03-05 03:30:00,/Volumes/Argus/unk/snap/c1/1772681400.c1.snap.jpg,0.79991454
2026-03-05 04:00:00,/Volumes/Argus/unk/snap/c1/1772683200.c1.snap.jpg,0.68382597
2026-03-05 04:30:00,/Volumes/Argus/unk/snap/c1/1772685000.c1.snap.jpg,0.7495054
2026-03-05 17:00:00,/Volumes/Argus/unk/snap/c1/1772730000.c1.snap.jpg,0.66483855
2026-03-05 17:30:00,/Volumes/Argus/unk/snap/c1/1772731800.c1.snap.jpg,0.6603537
2026-03-05 18:00:00,/Volumes/Argus/unk/snap/c1/1772733600.c1.snap.jpg,0.3456855
2026-03-05 18:30:00,/Volumes/Argus/unk/snap/c1/1772735400.c1.snap.jpg,0.5587411
2026-03-05 19:00:00,/Volumes/Argus/unk/snap/c1/1772737200.c1.snap.jpg,0.5725002
2026-03-05 19:30:00,/Volumes/Argus/unk/snap/c1/1772739000.c1.snap.jpg,0.63502985
2026-03-05 20:00:00,/Volumes/Argus/unk/snap/c1/1772740800.c1.snap.jpg,0.6224773
2026-03-05 20:30:00,/Volumes/Argus/unk/snap/c1/1772742600.c1.snap.jpg,0.5782392
2026-03-05 21:00:00,/Volumes/Argus/unk/snap/c1/1772744400.c1.snap.jpg,0.58854127
2026-03-05 21:30:00,/Volumes/Argus/unk/snap/c1/1772746200.c1.snap.jpg,0.5782007
2026-03-05 22:00:00,/Volumes/Argus/unk/snap/c1/1772748000.c1.snap.jpg,0.57277983
2026-03-05 22:30:00,/Volumes/Argus/unk/snap/c1/1772749800.c1.snap.jpg,0.51017725
2026-03-05 23:00:00,/Volumes/Argus/unk/snap/c1/1772751600.c1.snap.jpg,0.5759393
2026-03-06 00:00:00,/Volumes/Argus/unk/snap/c1/1772755200.c1.snap.jpg,0.6374149
2026-03-06 00:30:00,/Volumes/Argus/unk/snap/c1/1772757000.c1.snap.jpg,0.6508885
2026-03-06 01:00:00,/Volumes/Argus/unk/snap/c1/1772758800.c1.snap.jpg,0.67929506
2026-03-06 01:30:00,/Volumes/Argus/unk/snap/c1/1772760600.c1.snap.jpg,0.7671367
2026-03-06 02:00:00,/Volumes/Argus/unk/snap/c1/1772762400.c1.snap.jpg,0.9554442
2026-03-06 02:30:00,/Volumes/Argus/unk/snap/c1/1772764200.c1.snap.jpg,1.0466418
2026-03-06 03:00:00,/Volumes/Argus/unk/snap/c1/1772766000.c1.snap.jpg,1.1558635
2026-03-06 03:30:00,/Volumes/Argus/unk/snap/c1/1772767800.c1.snap.jpg,0.82030296
2026-03-06 04:00:00,/Volumes/Argus/unk/snap/c1/1772769600.c1.snap.jpg,0.7001838
2026-03-06 04:30:00,/Volumes/Argus/unk/snap/c1/1772771400.c1.snap.jpg,1.3811259
2026-03-06 17:30:00,/Volumes/Argus/unk/snap/c1/1772818200.c1.snap.jpg,0.6496095
2026-03-06 18:00:00,/Volumes/Argus/unk/snap/c1/1772820000.c1.snap.jpg,0.73078847
2026-03-06 18:30:00,/Volumes/Argus/unk/snap/c1/1772821800.c1.snap.jpg,1.0119766
2026-03-06 19:00:00,/Volumes/Argus/unk/snap/c1/1772823600.c1.snap.jpg,1.1222373
2026-03-06 19:30:00,/Volumes/Argus/unk/snap/c1/1772825400.c1.snap.jpg,1.4908783
2026-03-06 20:00:00,/Volumes/Argus/unk/snap/c1/1772827200.c1.snap.jpg,0.62279063
2026-03-06 20:30:00,/Volumes/Argus/unk/snap/c1/1772829000.c1.snap.jpg,0.53262174
2026-03-06 21:00:00,/Volumes/Argus/unk/snap/c1/1772830800.c1.snap.jpg,0.58805895
2026-03-06 21:30:00,/Volumes/Argus/unk/snap/c1/1772832600.c1.snap.jpg,0.49720022
2026-03-06 22:00:00,/Volumes/Argus/unk/snap/c1/1772834400.c1.snap.jpg,0.4693939
2026-03-06 22:30:00,/Volumes/Argus/unk/snap/c1/1772836200.c1.snap.jpg,0.9981892
2026-03-06 23:00:00,/Volumes/Argus/unk/snap/c1/1772838000.c1.snap.jpg,0.668727
2026-03-06 23:30:00,/Volumes/Argus/unk/snap/c1/1772839800.c1.snap.jpg,0.99814975
2026-03-07 00:00:00,/Volumes/Argus/unk/snap/c1/1772841600.c1.snap.jpg,0.6737765
2026-03-07 00:30:00,/Volumes/Argus/unk/snap/c1/1772843400.c1.snap.jpg,0.64533913
2026-03-07 01:00:00,/Volumes/Argus/unk/snap/c1/1772845200.c1.snap.jpg,0.5354637
2026-03-07 01:30:00,/Volumes/Argus/unk/snap/c1/1772847000.c1.snap.jpg,0.5260407
2026-03-07 02:00:00,/Volumes/Argus/unk/snap/c1/1772848800.c1.snap.jpg,0.67120886
2026-03-07 02:30:00,/Volumes/Argus/unk/snap/c1/1772850600.c1.snap.jpg,0.47921282
2026-03-07 03:00:00,/Volumes/Argus/unk/snap/c1/1772852400.c1.snap.jpg,0.75756633
2026-03-07 03:30:00,/Volumes/Argus/unk/snap/c1/1772854200.c1.snap.jpg,0.6191547
2026-03-07 04:00:00,/Volumes/Argus/unk/snap/c1/1772856000.c1.snap.jpg,0.5162714
2026-03-07 04:30:00,/Volumes/Argus/unk/snap/c1/1772857800.c1.snap.jpg,0.4474485
2026-03-07 05:00:00,/Volumes/Argus/unk/snap/c1/1772859600.c1.snap.jpg,0.9409615
2026-03-07 17:00:00,/Volumes/Argus/unk/snap/c1/1772902800.c1.snap.jpg,0.8281274
2026-03-07 17:30:00,/Volumes/Argus/unk/snap/c1/1772904600.c1.snap.jpg,0.5237458
2026-03-07 18:00:00,/Volumes/Argus/unk/snap/c1/1772906400.c1.snap.jpg,0.5269793
2026-03-07 18:30:00,/Volumes/Argus/unk/snap/c1/1772908200.c1.snap.jpg,0.48849535
2026-03-07 19:00:00,/Volumes/Argus/unk/snap/c1/1772910000.c1.snap.jpg,0.7226609
2026-03-07 19:30:00,/Volumes/Argus/unk/snap/c1/1772911800.c1.snap.jpg,0.6214551
2026-03-07 20:30:00,/Volumes/Argus/unk/snap/c1/1772915400.c1.snap.jpg,0.74041224
2026-03-07 21:00:00,/Volumes/Argus/unk/snap/c1/1772917200.c1.snap.jpg,0.75934476
2026-03-07 22:00:00,/Volumes/Argus/unk/snap/c1/1772920800.c1.snap.jpg,0.92121613
2026-03-07 22:30:00,/Volumes/Argus/unk/snap/c1/1772922600.c1.snap.jpg,0.59489137
2026-03-07 23:00:00,/Volumes/Argus/unk/snap/c1/1772924400.c1.snap.jpg,0.8191594
2026-03-07 23:30:00,/Volumes/Argus/unk/snap/c1/1772926200.c1.snap.jpg,0.6174141
2026-03-08 00:00:00,/Volumes/Argus/unk/snap/c1/1772928000.c1.snap.jpg,0.54868424
2026-03-08 00:30:00,/Volumes/Argus/unk/snap/c1/1772929800.c1.snap.jpg,0.7804471
2026-03-08 01:00:00,/Volumes/Argus/unk/snap/c1/1772931600.c1.snap.jpg,0.6443447
2026-03-08 01:30:00,/Volumes/Argus/unk/snap/c1/1772933400.c1.snap.jpg,0.79844654
2026-03-08 02:30:00,/Volumes/Argus/unk/snap/c1/1772937000.c1.snap.jpg,0.72486734
2026-03-08 03:00:00,/Volumes/Argus/unk/snap/c1/1772938800.c1.snap.jpg,1.1213739
2026-03-08 03:30:00,/Volumes/Argus/unk/snap/c1/1772940600.c1.snap.jpg,1.3527023
2026-03-08 04:00:00,/Volumes/Argus/unk/snap/c1/1772942400.c1.snap.jpg,0.7475635
2026-03-08 04:30:00,/Volumes/Argus/unk/snap/c1/1772944200.c1.snap.jpg,1.4625763
2026-03-08 05:00:00,/Volumes/Argus/unk/snap/c1/1772946000.c1.snap.jpg,1.401143
2026-03-08 17:00:00,/Volumes/Argus/unk/snap/c1/1772989200.c1.snap.jpg,0.7092184
2026-03-08 18:30:00,/Volumes/Argus/unk/snap/c1/1772994600.c1.snap.jpg,0.5206044
2026-03-08 22:30:00,/Volumes/Argus/unk/snap/c1/1773009000.c1.snap.jpg,0.9192736
2026-03-08 23:00:00,/Volumes/Argus/unk/snap/c1/1773010800.c1.snap.jpg,0.6477978
2026-03-08 23:30:00,/Volumes/Argus/unk/snap/c1/1773012600.c1.snap.jpg,0.59543824
2026-03-09 00:00:00,/Volumes/Argus/unk/snap/c1/1773014400.c1.snap.jpg,0.7568867
2026-03-09 01:30:00,/Volumes/Argus/unk/snap/c1/1773019800.c1.snap.jpg,0.9395529
2026-03-09 17:00:00,/Volumes/Argus/unk/snap/c1/1773075600.c1.snap.jpg,0.7725391
2026-03-09 17:30:00,/Volumes/Argus/unk/snap/c1/1773077400.c1.snap.jpg,0.49482986
2026-03-09 18:00:00,/Volumes/Argus/unk/snap/c1/1773079200.c1.snap.jpg,0.8062473
2026-03-09 18:30:00,/Volumes/Argus/unk/snap/c1/1773081000.c1.snap.jpg,0.5608936
2026-03-09 19:00:00,/Volumes/Argus/unk/snap/c1/1773082800.c1.snap.jpg,0.6352005
2026-03-09 19:30:00,/Volumes/Argus/unk/snap/c1/1773084600.c1.snap.jpg,0.579551
2026-03-09 20:00:00,/Volumes/Argus/unk/snap/c1/1773086400.c1.snap.jpg,0.5429724
2026-03-09 20:30:00,/Volumes/Argus/unk/snap/c1/1773088200.c1.snap.jpg,0.43968967
2026-03-09 21:00:00,/Volumes/Argus/unk/snap/c1/1773090000.c1.snap.jpg,0.47299495
2026-03-09 21:30:00,/Volumes/Argus/unk/snap/c1/1773091800.c1.snap.jpg,0.66624266
2026-03-09 22:00:00,/Volumes/Argus/unk/snap/c1/1773093600.c1.snap.jpg,0.66388947
2026-03-09 22:30:00,/Volumes/Argus/unk/snap/c1/1773095400.c1.snap.jpg,0.75879
2026-03-09 23:00:00,/Volumes/Argus/unk/snap/c1/1773097200.c1.snap.jpg,0.6837429
2026-03-09 23:30:00,/Volumes/Argus/unk/snap/c1/1773099000.c1.snap.jpg,0.7623638
2026-03-10 00:00:00,/Volumes/Argus/unk/snap/c1/1773100800.c1.snap.jpg,0.84329116
2026-03-10 00:30:00,/Volumes/Argus/unk/snap/c1/1773102600.c1.snap.jpg,0.7656001
2026-03-10 01:00:00,/Volumes/Argus/unk/snap/c1/1773104400.c1.snap.jpg,0.66417086
2026-03-10 01:30:00,/Volumes/Argus/unk/snap/c1/1773106200.c1.snap.jpg,0.79813766
2026-03-10 02:00:00,/Volumes/Argus/unk/snap/c1/1773108000.c1.snap.jpg,0.82473785
2026-03-10 02:30:00,/Volumes/Argus/unk/snap/c1/1773109800.c1.snap.jpg,1.1027994
2026-03-10 03:00:00,/Volumes/Argus/unk/snap/c1/1773111600.c1.snap.jpg,1.2270035
2026-03-10 03:30:00,/Volumes/Argus/unk/snap/c1/1773113400.c1.snap.jpg,1.3108885
2026-03-10 04:00:00,/Volumes/Argus/unk/snap/c1/1773115200.c1.snap.jpg,1.1762139
2026-03-10 04:30:00,/Volumes/Argus/unk/snap/c1/1773117000.c1.snap.jpg,0.7712672
2026-03-10 05:00:00,/Volumes/Argus/unk/snap/c1/1773118800.c1.snap.jpg,1.2785794
2026-03-10 17:00:00,/Volumes/Argus/unk/snap/c1/1773162000.c1.snap.jpg,0.66462076
2026-03-10 17:30:00,/Volumes/Argus/unk/snap/c1/1773163800.c1.snap.jpg,0.58942866
2026-03-10 18:00:00,/Volumes/Argus/unk/snap/c1/1773165600.c1.snap.jpg,0.41690537
2026-03-10 18:30:00,/Volumes/Argus/unk/snap/c1/1773167400.c1.snap.jpg,0.54242533
2026-03-10 19:00:00,/Volumes/Argus/unk/snap/c1/1773169200.c1.snap.jpg,0.57971835
2026-03-10 19:30:00,/Volumes/Argus/unk/snap/c1/1773171000.c1.snap.jpg,0.6454536
2026-03-10 20:00:00,/Volumes/Argus/unk/snap/c1/1773172800.c1.snap.jpg,0.5885533
2026-03-10 20:30:00,/Volumes/Argus/unk/snap/c1/1773174600.c1.snap.jpg,0.53597426
2026-03-10 21:00:00,/Volumes/Argus/unk/snap/c1/1773176400.c1.snap.jpg,0.5133066
2026-03-10 21:30:00,/Volumes/Argus/unk/snap/c1/1773178200.c1.snap.jpg,0.5985174
2026-03-10 22:00:00,/Volumes/Argus/unk/snap/c1/1773180000.c1.snap.jpg,0.83196014
2026-03-10 22:30:00,/Volumes/Argus/unk/snap/c1/1773181800.c1.snap.jpg,1.0511856
2026-03-10 23:00:00,/Volumes/Argus/unk/snap/c1/1773183600.c1.snap.jpg,0.76196665
2026-03-11 00:00:00,/Volumes/Argus/unk/snap/c1/1773187200.c1.snap.jpg,0.82859737
2026-03-11 00:30:00,/Volumes/Argus/unk/snap/c1/1773189000.c1.snap.jpg,0.8427614
2026-03-11 01:00:00,/Volumes/Argus/unk/snap/c1/1773190800.c1.snap.jpg,0.9500233
2026-03-11 01:30:00,/Volumes/Argus/unk/snap/c1/1773192600.c1.snap.jpg,0.85154873
2026-03-11 02:00:00,/Volumes/Argus/unk/snap/c1/1773194400.c1.snap.jpg,0.8613747
2026-03-11 02:30:00,/Volumes/Argus/unk/snap/c1/1773196200.c1.snap.jpg,0.66081476
2026-03-11 03:00:00,/Volumes/Argus/unk/snap/c1/1773198000.c1.snap.jpg,0.83771694
2026-03-11 03:30:00,/Volumes/Argus/unk/snap/c1/1773199800.c1.snap.jpg,0.8242546
2026-03-11 04:00:00,/Volumes/Argus/unk/snap/c1/1773201600.c1.snap.jpg,0.83732986
2026-03-11 04:30:00,/Volumes/Argus/unk/snap/c1/1773203400.c1.snap.jpg,1.6181067
2026-03-11 05:00:00,/Volumes/Argus/unk/snap/c1/1773205200.c1.snap.jpg,1.5180277
2026-03-11 17:00:00,/Volumes/Argus/unk/snap/c1/1773248400.c1.snap.jpg,0.67838657
2026-03-11 17:30:00,/Volumes/Argus/unk/snap/c1/1773250200.c1.snap.jpg,0.9093552
2026-03-11 18:00:00,/Volumes/Argus/unk/snap/c1/1773252000.c1.snap.jpg,0.35029972
2026-03-11 18:30:00,/Volumes/Argus/unk/snap/c1/1773253800.c1.snap.jpg,0.54453146
2026-03-11 19:00:00,/Volumes/Argus/unk/snap/c1/1773255600.c1.snap.jpg,0.55648136
2026-03-11 19:30:00,/Volumes/Argus/unk/snap/c1/1773257400.c1.snap.jpg,0.64110935
2026-03-11 20:00:00,/Volumes/Argus/unk/snap/c1/1773259200.c1.snap.jpg,0.582564
2026-03-11 20:30:00,/Volumes/Argus/unk/snap/c1/1773261000.c1.snap.jpg,0.565103
2026-03-11 21:00:00,/Volumes/Argus/unk/snap/c1/1773262800.c1.snap.jpg,0.5245137
2026-03-11 21:30:00,/Volumes/Argus/unk/snap/c1/1773264600.c1.snap.jpg,0.64442015
2026-03-11 22:00:00,/Volumes/Argus/unk/snap/c1/1773266400.c1.snap.jpg,0.7913703
2026-03-11 22:30:00,/Volumes/Argus/unk/snap/c1/1773268200.c1.snap.jpg,0.8301476
2026-03-11 23:00:00,/Volumes/Argus/unk/snap/c1/1773270000.c1.snap.jpg,0.81143034
2026-03-11 23:30:00,/Volumes/Argus/unk/snap/c1/1773271800.c1.snap.jpg,0.9636518
2026-03-12 00:00:00,/Volumes/Argus/unk/snap/c1/1773273600.c1.snap.jpg,0.82615036
2026-03-12 00:30:00,/Volumes/Argus/unk/snap/c1/1773275400.c1.snap.jpg,0.83153486
2026-03-12 01:00:00,/Volumes/Argus/unk/snap/c1/1773277200.c1.snap.jpg,0.8290757
2026-03-12 01:30:00,/Volumes/Argus/unk/snap/c1/1773279000.c1.snap.jpg,0.8520551
2026-03-12 02:00:00,/Volumes/Argus/unk/snap/c1/1773280800.c1.snap.jpg,0.8480847
