,dates,H,H_est
0,2023-08-29 19:59:12,0.34,0.33927613496780396
1,2023-08-30 03:14:42,0.2961846153846154,1.2763048291633852
2,2023-08-30 10:30:12,0.24993333333333334,0.23250387545808085
3,2023-08-30 17:45:42,0.3352333333333333,0.32043718117555336
4,2023-08-31 01:01:12,0.14036923076923077,1.7784467171572271
5,2023-08-31 08:16:42,0.2533,0.24015706850747978
6,2023-08-31 15:32:12,0.3552888888888889,0.33231731694901273
7,2023-08-31 22:47:42,0.2682,0.29076420492492616
8,2023-09-01 06:03:12,1.0863076923076924,1.5428186772299595
9,2023-09-01 13:18:42,1.5259666666666667,1.4773887757744109
10,2023-09-01 20:34:12,2.3296,2.31051442399621
11,2023-09-02 03:49:42,1.4207941176470589,1.368851730931223
12,2023-09-02 11:05:12,0.4282666666666667,0.39786139130592346
13,2023-09-02 18:20:42,0.4069,0.413920521736145
14,2023-09-03 01:36:12,0.7478622222222222,1.5995476009827372
15,2023-09-03 08:51:42,0.7010666666666666,0.5997468042187393
16,2023-09-03 16:07:12,0.611,0.6810617186129093
17,2023-09-03 23:22:42,0.9875372549019608,0.9232178445998969
18,2023-09-04 06:38:12,0.7484392156862745,0.6705496990001102
19,2023-09-04 13:53:42,0.5042,0.4911938595810327
20,2023-09-04 21:09:12,0.4146666666666667,0.3104158615959542
21,2023-09-05 04:24:42,0.7240117647058824,0.5747077205650913
22,2023-09-05 11:40:12,0.7366,0.7261218493804336
23,2023-09-05 18:55:42,1.3099666666666667,1.3012764935514756
24,2023-09-06 02:11:12,0.9341960784313725,0.6453199908449061
25,2023-09-06 09:26:42,0.8711,0.895756241532841
26,2023-09-06 16:42:12,0.8037333333333333,0.8976974951635514
27,2023-09-06 23:57:42,0.6870607843137255,0.40339772407526625
28,2023-09-07 07:13:12,0.7980705882352942,0.9241427899996855
29,2023-09-07 14:28:42,0.6073999999999999,0.7504322207532823
30,2023-09-07 21:44:12,0.7547444444444444,0.7570142344955135
31,2023-09-08 04:59:42,0.5413117647058824,0.3979750149941781
32,2023-09-08 12:15:12,0.3801333333333333,0.2990174431885992
33,2023-09-08 19:30:42,0.39953333333333335,0.450596093000578
34,2023-09-09 02:46:12,0.27727500000000005,0.2860771103372427
35,2023-09-09 10:01:42,0.2712263888888889,0.24230615889587237
36,2023-09-09 17:17:12,0.20426666666666668,0.30658203296895536
37,2023-09-10 00:32:42,0.16686666666666666,0.27928647976884025
38,2023-09-10 07:48:12,0.19912592592592593,0.2687355674390972
39,2023-09-10 15:03:42,0.14153703703703704,0.23841646868427555
40,2023-09-10 22:19:12,0.1532,0.6933859163629157
41,2023-09-11 05:34:42,0.35388771929824564,0.4798655732175552
42,2023-09-11 12:50:12,0.5104,0.41969383669396243
43,2023-09-11 20:05:42,0.3181,0.3725034361705184
44,2023-09-12 03:21:12,0.23250526315789474,0.30054364148318097
45,2023-09-12 10:36:42,0.2722333333333333,0.25444970704016406
46,2023-09-12 17:52:12,0.2122,0.2873800118187709
47,2023-09-13 01:07:42,0.2087982456140351,0.25475692123083976
48,2023-09-13 08:23:12,0.1705964912280702,0.3240033555287547
49,2023-09-13 15:38:42,0.25935,0.32873594865668565
50,2023-09-13 22:54:12,0.20193333333333335,0.2714736737044794
51,2023-09-14 06:09:42,0.23769298245614034,0.3084927861341572
52,2023-09-14 13:25:12,0.1916,0.21435713873555262
53,2023-09-14 20:40:42,0.15286666666666668,0.586411306510369
54,2023-09-15 03:56:12,0.14117894736842107,0.47786262643973476
55,2023-09-15 11:11:42,0.1839,0.19386121522568697
56,2023-09-15 18:27:12,0.12093333333333332,0.24015648596520936
57,2023-09-16 01:42:42,0.12568947368421052,0.3341167533494644
58,2023-09-16 08:58:12,0.20879999999999999,0.19891646783798933
59,2023-09-16 16:13:42,0.36369999999999997,0.3968969015404582
60,2023-09-16 23:29:12,0.8994666666666666,0.7537733553859051
61,2023-09-17 06:44:42,1.1898,1.1268319994960232
62,2023-09-17 14:00:12,1.4199333333333333,1.3211350285431795
63,2023-09-17 21:15:42,1.1972,1.2094060953706502
64,2023-09-18 04:31:12,0.8958956521739131,0.927372255007918
65,2023-09-18 11:46:42,0.9133,0.9653242326208523
66,2023-09-18 19:02:12,1.3461,1.3185954902853285
67,2023-09-19 02:17:42,1.01302,0.9281649753796036
68,2023-09-19 09:33:12,0.6857333333333333,0.6731207208441836
69,2023-09-19 16:48:42,0.42246666666666666,0.2969328888492393
70,2023-09-20 00:04:12,0.23803809523809524,0.2825325528349159
71,2023-09-20 07:19:42,0.18273650793650795,0.3273145611397922
72,2023-09-20 14:35:12,0.20346666666666666,0.33170956027294907
73,2023-09-20 21:50:42,0.7869,0.6321564825650837
74,2023-09-21 05:06:12,0.5993777777777778,0.6683511031065452
75,2023-09-21 12:21:42,0.3572333333333333,0.2977046314959547
76,2023-09-21 19:37:12,0.3272,0.2882167414895126
77,2023-09-22 02:52:42,0.2813882882882883,0.2883966144454985
78,2023-09-22 10:08:12,0.2146900900900901,0.26976285783141396
79,2023-09-22 17:23:42,0.1437,0.828489188171391
80,2023-09-23 00:39:12,0.25655466666666665,0.35751624103964563
81,2023-09-23 07:54:42,0.24494133333333332,0.31402205084676077
82,2023-09-23 15:10:12,0.18980000000000002,0.26297848438844085
83,2023-09-23 22:25:42,0.25,0.32360375080523746
84,2023-09-24 05:41:12,0.22946666666666665,0.27661552982941523
85,2023-09-24 12:56:42,0.22,0.19691410797115946
86,2023-09-24 20:12:12,0.12,1.0698667734063096
87,2023-09-25 03:27:42,0.1789015873015873,0.30501203091294204
88,2023-09-25 10:43:12,0.1856,0.2455575539331351
89,2023-09-25 17:58:42,0.19826666666666667,0.2798138446108039
90,2023-09-26 01:14:12,0.31669600000000003,0.36469900210061645
91,2023-09-26 08:29:42,0.264436,0.31614712703750175
92,2023-09-26 15:45:12,0.3552,0.3358524494937488
93,2023-09-26 23:00:42,0.3616405405405405,0.39272539507364856
94,2023-09-27 06:16:12,0.3734108108108108,0.3882292669499293
95,2023-09-27 13:31:42,0.38518108108108107,0.3837331388262101
96,2023-09-27 20:47:12,0.39695135135135134,0.37923701070249083
97,2023-09-28 04:02:42,0.4087216216216216,0.3747408825787716
98,2023-09-28 11:18:12,0.40786666666666666,0.3598915075084993
99,2023-09-28 18:33:42,0.3726,0.38113244336896707
100,2023-09-29 01:49:12,0.3303542857142857,0.3166477215340043
101,2023-09-29 09:04:42,0.2930257142857143,0.3287508655538237
102,2023-09-29 16:20:12,0.25569714285714285,0.34085400957364315
103,2023-09-29 23:35:42,0.21836857142857144,0.3529571535934626
104,2023-09-30 06:51:12,0.18104000000000003,0.365060297613282
105,2023-09-30 14:06:42,0.19444166666666668,0.26589688420526486
106,2023-09-30 21:22:12,0.49,0.3248975014181009
107,2023-10-01 04:37:42,0.5464565217391304,0.6447080791965358
108,2023-10-01 11:53:12,0.6145333333333334,0.7085207469229188
109,2023-10-01 19:08:42,0.9926,0.9699147537217608
110,2023-10-02 02:24:12,0.8263816091954023,0.7439390417160947
111,2023-10-02 09:39:42,0.6061287356321838,0.6832652418514947
112,2023-10-02 16:55:12,0.652,0.7693379276565143
113,2023-10-03 00:10:42,0.8882805555555555,0.72038719079869
114,2023-10-03 07:26:12,0.6826277777777777,0.7663686070701754
115,2023-10-03 14:41:42,0.4461,0.5991097821055779
116,2023-10-03 21:57:12,0.27,0.5216138602367469
117,2023-10-04 05:12:42,0.27627101449275365,0.3926929900215091
118,2023-10-04 12:28:12,0.36,0.34902835291411194
119,2023-10-04 19:43:42,0.24,0.28926435352436136
120,2023-10-05 02:59:12,0.3744102564102564,0.5510953577822202
121,2023-10-05 10:14:42,0.4860769230769231,0.660951419649263
122,2023-10-05 17:30:12,0.5602666666666667,0.585047073662281
123,2023-10-06 00:45:42,0.56486,0.5543057512947019
124,2023-10-06 08:01:12,0.47776,0.5455287394156172
125,2023-10-06 15:16:42,0.5155666666666667,0.5118708009831607
126,2023-10-06 22:32:12,0.4791361111111111,0.6180007059060767
127,2023-10-07 05:47:42,0.4730875,0.664742298366209
128,2023-10-07 13:03:12,0.45533333333333337,0.5100869025502887
129,2023-10-07 20:18:42,0.3587,0.34294533932448495
130,2023-10-08 03:34:12,0.3954083333333333,0.5355693783434191
131,2023-10-08 10:49:42,0.38109444444444446,0.29268239774905586
132,2023-10-08 18:05:12,0.26653333333333334,0.31808487565389704
133,2023-10-09 01:20:42,0.19204166666666667,0.5202277082955404
134,2023-10-09 08:36:12,0.2525277777777778,0.33166801580711536
135,2023-10-09 15:51:42,0.2861666666666667,0.3455223209956395
136,2023-10-09 23:07:12,0.5062,0.33612049247866893
137,2023-10-10 06:22:42,0.5787833333333333,0.38523716150459575
138,2023-10-10 13:38:12,0.6513666666666666,0.4343538305305225
139,2023-10-10 20:53:42,0.6737000000000001,0.682564978239437
140,2023-10-11 04:09:12,0.5669333333333333,0.46259786317711826
141,2023-10-11 11:24:42,0.44,0.3999120902403125
142,2023-10-11 18:40:12,1.2194,1.1931342067463058
143,2023-10-12 01:55:42,0.8906011494252873,0.8496409108424012
144,2023-10-12 09:11:12,0.5852505747126437,0.4828509101096322
145,2023-10-12 16:26:42,0.3111,0.3644139189273119
146,2023-10-12 23:42:12,0.43169523809523813,0.5231483065319924
147,2023-10-13 06:57:42,0.39021904761904763,0.5804526606730662
148,2023-10-13 14:13:12,0.41,0.3992567432246038
149,2023-10-13 21:28:42,0.3502166666666667,0.5959245279587352
150,2023-10-14 04:44:12,0.27763333333333334,0.4135524064898113
151,2023-10-14 11:59:42,0.1804,0.33054072097209947
152,2023-10-14 19:15:12,0.26493333333333335,0.2426938768032761
153,2023-10-15 02:30:42,0.2285297619047619,0.35918883661867174
154,2023-10-15 09:46:12,0.20260714285714287,0.3847072520316933
155,2023-10-15 17:01:42,0.17056666666666667,0.40990459573056015
156,2023-10-16 00:17:12,0.17828045977011495,0.3662729164512426
157,2023-10-16 07:32:42,0.21332068965517242,0.32940213148956937
158,2023-10-16 14:48:12,0.5360666666666667,0.41440016922674006
159,2023-10-16 22:03:42,0.712301111111111,0.7269336032676753
160,2023-10-17 05:19:12,0.63004,0.6039920183719617
161,2023-10-17 12:34:42,0.49,0.47133564452330273
162,2023-10-17 19:50:12,0.27653333333333335,0.3868686527545963
163,2023-10-18 03:05:42,0.4137192307692308,0.4703902803682327
164,2023-10-18 10:21:12,0.5607470085470085,0.5580126511658063
165,2023-10-18 17:36:42,0.7077747863247863,0.64563502196338
166,2023-10-19 00:52:12,0.8548025641025642,0.7332573927609537
167,2023-10-19 08:07:42,1.0018303418803418,0.8208797635585273
168,2023-10-19 15:23:12,0.8345333333333333,0.7908411669944014
169,2023-10-19 22:38:42,0.7453366666666666,0.6811997743027718
170,2023-10-20 05:54:12,0.5953311111111111,0.5441468237762415
171,2023-10-20 13:09:42,0.5097,0.4997301529472073
172,2023-10-20 20:25:12,0.3493090909090909,0.41453782449765453
173,2023-10-21 03:40:42,0.3845010101010101,0.5164671037827844
174,2023-10-21 10:56:12,0.4196929292929293,0.6183963830679141
175,2023-10-21 18:11:42,0.7956,0.7594231875679854
176,2023-10-22 01:27:12,0.857288888888889,0.7071260585226357
177,2023-10-22 08:42:42,0.7605111111111111,0.6478264904619214
178,2023-10-22 15:58:12,0.6637333333333334,0.5885269224012072
179,2023-10-22 23:13:42,0.5669555555555557,0.529227354340493
180,2023-10-23 06:29:12,0.4701777777777778,0.46992778627977877
181,2023-10-23 13:44:42,0.47695000000000004,0.4467319897376001
182,2023-10-23 21:00:12,0.18531777777777778,0.44742447943801844
183,2023-10-24 04:15:42,0.15144555555555556,0.4653230941064338
184,2023-10-24 11:31:12,0.1104,0.5333970971405506
185,2023-10-24 18:46:42,0.04002417204301075,0.48773094709158704
186,2023-10-25 02:02:12,0.04007768970814132,0.4873161838270583
187,2023-10-25 09:17:42,0.04013120737327189,0.48690142056252966
188,2023-10-25 16:33:12,0.04018472503840246,0.48648665729800095
189,2023-10-25 23:48:42,0.040238242703533024,0.48607189403347223
190,2023-10-26 07:04:12,0.040291760368663596,0.48565713076894357
191,2023-10-26 14:19:42,0.04034527803379416,0.48524236750441485
192,2023-10-26 21:35:12,0.04039879569892473,0.48482760423988613
193,2023-10-27 04:50:42,0.0404523133640553,0.4844128409753575
194,2023-10-27 12:06:12,0.04050583102918587,0.48399807771082876
195,2023-10-27 19:21:42,0.04055934869431644,0.48358331444630004
196,2023-10-28 02:37:12,0.040612866359447004,0.4831685511817714
197,2023-10-28 09:52:42,0.040666384024577576,0.48275378791724266
198,2023-10-28 17:08:12,0.04071990168970814,0.48233902465271394
199,2023-10-29 00:23:42,0.04077341935483871,0.4819242613881853
200,2023-10-29 07:39:12,0.04082693701996928,0.48150949812365657
201,2023-10-29 14:54:42,0.04088045468509985,0.4810947348591279
202,2023-10-29 22:10:12,0.04093397235023041,0.4806799715945992
203,2023-10-30 05:25:42,0.040987490015360985,0.48026520833007047
204,2023-10-30 12:41:12,0.04104100768049155,0.4798504450655418
205,2023-10-30 19:56:42,0.04109452534562212,0.4794356818010131
206,2023-10-31 03:12:12,0.041148043010752686,0.4790209185364844
207,2023-10-31 10:27:42,0.04120156067588326,0.4786061552719557
208,2023-10-31 17:43:12,0.04125507834101383,0.478191392007427
209,2023-11-01 00:58:42,0.041308596006144394,0.4777766287428983
210,2023-11-01 08:14:12,0.041362113671274965,0.4773618654783696
211,2023-11-01 15:29:42,0.04141563133640553,0.4769471022138409
212,2023-11-01 22:45:12,0.0414691490015361,0.47653233894931224
213,2023-11-02 06:00:42,0.041522666666666666,0.4761175756847835
214,2023-11-02 13:16:12,0.04157618433179724,0.4757028124202548
215,2023-11-02 20:31:42,0.0416297019969278,0.47528804915572614
216,2023-11-03 03:47:12,0.041683219662058374,0.4748732858911974
217,2023-11-03 11:02:42,0.04173673732718894,0.4744585226266687
218,2023-11-03 18:18:12,0.04179025499231951,0.47404375936214005
219,2023-11-04 01:33:42,0.041843772657450075,0.47362899609761133
220,2023-11-04 08:49:12,0.041897290322580646,0.4732142328330826
221,2023-11-04 16:04:42,0.04195080798771121,0.47279946956855395
222,2023-11-04 23:20:12,0.04200432565284178,0.47238470630402524
223,2023-11-05 05:35:42,0.042057843317972354,0.4719699430394966
224,2023-11-05 12:51:12,0.04211136098310292,0.47155517977496786
225,2023-11-05 20:06:42,0.04216487864823349,0.47114041651043914
226,2023-11-06 03:22:12,0.042218396313364055,0.4707256532459105
227,2023-11-06 10:37:42,0.04227191397849463,0.47031088998138176
228,2023-11-06 17:53:12,0.04232543164362519,0.46989612671685305
229,2023-11-07 01:08:42,0.04237894930875576,0.4694813634523244
230,2023-11-07 08:24:12,0.04243246697388633,0.46906660018779567
231,2023-11-07 15:39:42,0.0424859846390169,0.46865183692326695
232,2023-11-07 22:55:12,0.042539502304147464,0.4682370736587383
233,2023-11-08 06:10:42,0.042593019969278036,0.4678223103942096
234,2023-11-08 13:26:12,0.0426465376344086,0.4674075471296809
235,2023-11-08 20:41:42,0.04270005529953917,0.4669927838651522
236,2023-11-09 03:57:12,0.04275357296466974,0.4665780206006235
237,2023-11-09 11:12:42,0.04280709062980031,0.4661632573360948
238,2023-11-09 18:28:12,0.04286060829493088,0.4657484940715661
239,2023-11-10 01:43:42,0.042914125960061444,0.4653337308070374
240,2023-11-10 08:59:12,0.042967643625192016,0.4649189675425087
241,2023-11-10 16:14:42,0.04302116129032258,0.46450420427798
242,2023-11-10 23:30:12,0.04307467895545315,0.4640894410134513
243,2023-11-11 06:45:42,0.04312819662058372,0.4636746777489226
244,2023-11-11 14:01:12,0.04318171428571429,0.4632599144843939
245,2023-11-11 21:16:42,0.04323523195084485,0.46284515121986525
246,2023-11-12 04:32:12,0.043288749615975425,0.46243038795533653
247,2023-11-12 11:47:42,0.04334226728110599,0.4620156246908078
248,2023-11-12 19:03:12,0.04339578494623656,0.46160086142627915
249,2023-11-13 02:18:42,0.043449302611367126,0.46118609816175044
250,2023-11-13 09:34:12,0.0435028202764977,0.4607713348972217
251,2023-11-13 16:49:42,0.04355633794162826,0.46035657163269306
252,2023-11-14 00:05:12,0.043609855606758834,0.45994180836816434
253,2023-11-14 07:20:42,0.043663373271889405,0.4595270451036356
254,2023-11-14 14:36:12,0.04371689093701997,0.45911228183910696
255,2023-11-14 21:51:42,0.04377040860215054,0.45869751857457824
256,2023-11-15 05:07:12,0.043823926267281106,0.4582827553100496
257,2023-11-15 12:22:42,0.04387744393241168,0.45786799204552087
258,2023-11-15 19:38:12,0.04393096159754224,0.45745322878099215
259,2023-11-16 02:53:42,0.043984479262672814,0.4570384655164635
260,2023-11-16 10:09:12,0.04403799692780338,0.45662370225193477
261,2023-11-16 17:24:42,0.04409151459293395,0.45620893898740605
262,2023-11-17 00:40:12,0.044145032258064515,0.4557941757228774
263,2023-11-17 07:55:42,0.044198549923195087,0.4553794124583487
264,2023-11-17 15:11:12,0.04425206758832565,0.45496464919381996
265,2023-11-17 22:26:42,0.04430558525345622,0.4545498859292913
266,2023-11-18 05:42:12,0.04435910291858679,0.4541351226647626
267,2023-11-18 12:57:42,0.04441262058371736,0.4537203594002339
268,2023-11-18 20:13:12,0.04446613824884793,0.4533055961357052
269,2023-11-19 03:28:42,0.044519655913978495,0.4528908328711765
270,2023-11-19 10:44:12,0.04457317357910907,0.45247606960664777
271,2023-11-19 17:59:42,0.04462669124423963,0.4520613063421191
272,2023-11-20 01:15:12,0.0446802089093702,0.4516465430775904
273,2023-11-20 08:30:42,0.04473372657450077,0.45123177981306173
274,2023-11-20 15:46:12,0.04478724423963134,0.450817016548533
275,2023-11-20 23:01:42,0.044840761904761904,0.4504022532840043
276,2023-11-21 06:17:12,0.044894279569892476,0.44998749001947563
277,2023-11-21 13:32:42,0.04494779723502304,0.4495727267549469
278,2023-11-21 20:48:12,0.04500131490015361,0.4491579634904182
279,2023-11-22 04:03:42,0.04505483256528418,0.44874320022588954
280,2023-11-22 11:19:12,0.04510835023041475,0.4483284369613608
281,2023-11-22 18:34:42,0.04516186789554531,0.4479136736968321
282,2023-11-23 01:50:12,0.045215385560675884,0.44749891043230344
283,2023-11-23 09:05:42,0.045268903225806456,0.4470841471677747
284,2023-11-23 16:21:12,0.04532242089093702,0.44666938390324606
285,2023-11-23 23:36:42,0.045375938556067585,0.44625462063871735
286,2023-11-24 06:52:12,0.04542945622119816,0.44583985737418863
287,2023-11-24 14:07:42,0.04548297388632873,0.44542509410965997
288,2023-11-24 21:23:12,0.04553649155145929,0.44501033084513125
289,2023-11-25 04:38:42,0.045590009216589865,0.44459556758060254
290,2023-11-25 11:54:12,0.04564352688172043,0.4441808043160739
291,2023-11-25 19:09:42,0.045697044546851,0.44376604105154516
292,2023-11-26 02:25:12,0.045750562211981566,0.44335127778701644
293,2023-11-26 09:40:42,0.04580407987711214,0.4429365145224878
294,2023-11-26 16:56:12,0.0458575975422427,0.44252175125795906
295,2023-11-27 00:11:42,0.045911115207373274,0.4421069879934304
296,2023-11-27 07:27:12,0.04596463287250384,0.4416922247289017
297,2023-11-27 14:42:42,0.04601815053763441,0.44127746146437297
298,2023-11-27 21:58:12,0.04607166820276498,0.4408626981998443
299,2023-11-28 05:13:42,0.046125185867895546,0.4404479349353156
300,2023-11-28 12:29:12,0.04617870353302611,0.44003317167078687
301,2023-11-28 19:44:42,0.04623222119815668,0.4396184084062582
302,2023-11-29 03:00:12,0.046285738863287254,0.4392036451417295
303,2023-11-29 10:15:42,0.04633925652841782,0.4387888818772008
304,2023-11-29 17:31:12,0.04639277419354839,0.4383741186126721
305,2023-11-30 00:46:42,0.046446291858678955,0.4379593553481434
306,2023-11-30 08:02:12,0.04649980952380953,0.43754459208361474
307,2023-11-30 15:17:42,0.04655332718894009,0.437129828819086
308,2023-11-30 22:33:12,0.04660684485407066,0.4367150655545573
309,2023-12-01 05:48:42,0.04666036251920123,0.43630030229002864
310,2023-12-01 13:04:12,0.0467138801843318,0.4358855390254999
311,2023-12-01 20:19:42,0.046767397849462364,0.4354707757609712
312,2023-12-02 03:35:12,0.046820915514592935,0.43505601249644255
313,2023-12-02 10:50:42,0.04687443317972351,0.43464124923191383
314,2023-12-02 18:06:12,0.04692795084485407,0.4342264859673851
315,2023-12-03 01:21:42,0.046981468509984636,0.43381172270285645
316,2023-12-03 08:37:12,0.04703498617511521,0.43339695943832773
317,2023-12-03 15:52:42,0.04708850384024578,0.43298219617379907
318,2023-12-03 23:08:12,0.047142021505376344,0.43256743290927036
319,2023-12-04 06:23:42,0.047195539170506916,0.43215266964474164
320,2023-12-04 13:39:12,0.04724905683563748,0.431737906380213
321,2023-12-04 20:54:42,0.04730257450076805,0.43132314311568426
322,2023-12-05 04:10:12,0.04735609216589862,0.43090837985115554
323,2023-12-05 11:25:42,0.04740960983102919,0.4304936165866269
324,2023-12-05 18:41:12,0.04746312749615975,0.43007885332209816
325,2023-12-06 01:56:42,0.047516645161290325,0.42966409005756945
326,2023-12-06 09:12:12,0.04757016282642089,0.4292493267930408
327,2023-12-06 16:27:42,0.04762368049155146,0.42883456352851207
328,2023-12-06 23:43:12,0.04767719815668203,0.4284198002639834
329,2023-12-07 06:58:42,0.0477307158218126,0.4280050369994547
330,2023-12-07 14:14:12,0.04778423348694316,0.427590273734926
331,2023-12-07 21:29:42,0.04783775115207373,0.4271755104703973
332,2023-12-08 04:45:12,0.047891268817204305,0.4267607472058686
333,2023-12-08 12:00:42,0.04794478648233487,0.4263459839413399
334,2023-12-08 19:16:12,0.04799830414746544,0.4259312206768112
335,2023-12-09 02:31:42,0.048051821812596006,0.4255164574122825
336,2023-12-09 09:47:12,0.04810533947772658,0.4251016941477538
337,2023-12-09 17:02:42,0.04815885714285714,0.4246869308832251
338,2023-12-10 00:18:12,0.048212374807987714,0.4242721676186964
339,2023-12-10 07:33:42,0.04826589247311828,0.42385740435416774
340,2023-12-10 14:49:12,0.04831941013824885,0.423442641089639
341,2023-12-10 22:04:42,0.048372927803379415,0.4230278778251103
342,2023-12-11 05:20:12,0.048426445468509986,0.4226131145605816
343,2023-12-11 12:35:42,0.04847996313364056,0.42219835129605293
344,2023-12-11 19:51:12,0.04853348079877112,0.4217835880315242
345,2023-12-12 03:06:42,0.04858699846390169,0.42136882476699555
346,2023-12-12 10:22:12,0.04864051612903226,0.42095406150246684
347,2023-12-12 17:37:42,0.04869403379416283,0.4205392982379381
348,2023-12-13 00:53:12,0.048747551459293395,0.42012453497340946
349,2023-12-13 08:08:42,0.04880106912442397,0.41970977170888074
350,2023-12-13 15:24:12,0.04885458678955453,0.4192950084443521
351,2023-12-13 22:39:42,0.0489081044546851,0.41888024517982336
352,2023-12-14 05:55:12,0.04896162211981567,0.41846548191529465
353,2023-12-14 13:10:42,0.04901513978494624,0.41805071865076593
354,2023-12-14 20:26:12,0.049068657450076804,0.41763595538623727
355,2023-12-15 03:41:42,0.049122175115207375,0.41722119212170855
356,2023-12-15 10:57:12,0.04917569278033794,0.4168064288571799
357,2023-12-15 18:12:42,0.04922921044546851,0.4163916655926512
358,2023-12-16 01:28:12,0.04928272811059908,0.41597690232812246
359,2023-12-16 08:43:42,0.04933624577572965,0.4155621390635938
360,2023-12-16 15:59:12,0.04938976344086021,0.4151473757990651
361,2023-12-16 23:14:42,0.049443281105990784,0.4147326125345364
362,2023-12-17 06:30:12,0.049496798771121356,0.4143178492700077
363,2023-12-17 13:45:42,0.04955031643625192,0.413903086005479
364,2023-12-17 21:01:12,0.049603834101382485,0.41348832274095026
365,2023-12-18 04:16:42,0.04965735176651306,0.4130735594764216
366,2023-12-18 11:32:12,0.04971086943164363,0.4126587962118929
367,2023-12-18 18:47:42,0.04976438709677419,0.4122440329473642
368,2023-12-19 02:03:12,0.049817904761904765,0.4118292696828355
369,2023-12-19 09:18:42,0.04987142242703533,0.4114145064183068
370,2023-12-19 16:34:12,0.0499249400921659,0.41099974315377813
371,2023-12-19 23:49:42,0.049978457757296466,0.4105849798892494
372,2023-12-20 07:05:12,0.05003197542242704,0.41017021662472075
373,2023-12-20 14:20:42,0.05008549308755761,0.40975545336019203
374,2023-12-20 21:36:12,0.05013901075268817,0.4093406900956633
375,2023-12-21 04:51:42,0.05019252841781874,0.4089259268311346
376,2023-12-21 12:07:12,0.05024604608294931,0.40851116356660594
377,2023-12-21 19:22:42,0.05029956374807988,0.4080964003020772
378,2023-12-22 02:38:12,0.050353081413210446,0.40768163703754856
379,2023-12-22 09:53:42,0.05040659907834101,0.40726687377301984
380,2023-12-22 17:09:12,0.05046011674347158,0.4068521105084911
381,2023-12-23 00:24:42,0.050513634408602154,0.40643734724396247
382,2023-12-23 07:40:12,0.05056715207373272,0.40602258397943375
383,2023-12-23 14:55:42,0.05062066973886329,0.4056078207149051
384,2023-12-23 22:11:12,0.050674187403993855,0.40519305745037637
385,2023-12-24 05:26:42,0.050727705069124426,0.40477829418584765
386,2023-12-24 12:42:12,0.05078122273425499,0.40436353092131894
387,2023-12-24 19:57:42,0.05083474039938556,0.4039487676567903
388,2023-12-25 03:13:12,0.050888258064516134,0.40353400439226156
389,2023-12-25 10:28:42,0.0509417757296467,0.4031192411277329
390,2023-12-25 17:44:12,0.050995293394777264,0.4027044778632042
391,2023-12-26 00:59:42,0.051048811059907835,0.40228971459867546
392,2023-12-26 08:15:12,0.05110232872503841,0.4018749513341468
393,2023-12-26 15:30:42,0.05115584639016897,0.4014601880696181
394,2023-12-26 22:46:12,0.051209364055299536,0.4010454248050894
395,2023-12-27 06:01:42,0.05126288172043011,0.4006306615405607
396,2023-12-27 13:17:12,0.05131639938556068,0.400215898276032
397,2023-12-27 20:32:42,0.051369917050691244,0.3998011350115033
398,2023-12-28 03:48:12,0.051423434715821816,0.3993863717469746
399,2023-12-28 11:03:42,0.05147695238095238,0.3989716084824459
400,2023-12-28 18:19:12,0.05153047004608295,0.39855684521791723
401,2023-12-29 01:34:42,0.051583987711213516,0.3981420819533885
402,2023-12-29 08:50:12,0.05163750537634409,0.3977273186888598
403,2023-12-29 16:05:42,0.05169102304147466,0.39731255542433114
404,2023-12-29 23:21:12,0.051744540706605224,0.3968977921598024
405,2023-12-30 06:36:42,0.05179805837173579,0.3964830288952737
406,2023-12-30 13:52:12,0.05185157603686636,0.39606826563074504
407,2023-12-30 21:07:42,0.05190509370199693,0.3956535023662163
408,2023-12-31 04:23:12,0.0519586113671275,0.3952387391016876
409,2023-12-31 11:38:42,0.05201212903225806,0.39482397583715895
410,2023-12-31 18:54:12,0.05206564669738863,0.39440921257263023
411,2024-01-01 02:09:42,0.052119164362519205,0.39399444930810157
412,2024-01-01 09:25:12,0.05217268202764977,0.39357968604357285
413,2024-01-01 16:40:42,0.05222619969278034,0.39316492277904413
414,2024-01-01 23:56:12,0.052279717357910906,0.3927501595145154
415,2024-01-02 07:11:42,0.05233323502304148,0.39233539624998676
416,2024-01-02 14:27:12,0.05238675268817204,0.39192063298545804
417,2024-01-02 21:42:42,0.052440270353302613,0.3915058697209294
418,2024-01-03 04:58:12,0.052493788018433185,0.39109110645640066
419,2024-01-03 12:13:42,0.05254730568356375,0.39067634319187194
420,2024-01-03 19:29:12,0.052600823348694314,0.3902615799273433
421,2024-01-04 02:44:42,0.052654341013824886,0.38984681666281457
422,2024-01-04 10:00:12,0.05270785867895546,0.3894320533982859
423,2024-01-04 17:15:42,0.05276137634408602,0.3890172901337572
424,2024-01-05 00:31:12,0.05281489400921659,0.38860252686922847
425,2024-01-05 07:46:42,0.05286841167434716,0.38818776360469975
426,2024-01-05 15:02:12,0.05292192933947773,0.3877730003401711
427,2024-01-05 22:17:42,0.052975447004608295,0.3873582370756424
428,2024-01-06 05:33:12,0.053028964669738866,0.3869434738111137
429,2024-01-06 12:48:42,0.05308248233486943,0.386528710546585
430,2024-01-06 20:04:12,0.053136,0.3861139472820563
431,2024-01-07 03:19:42,0.05318951766513057,0.3856991840175276
432,2024-01-07 10:35:12,0.05324303533026114,0.3852844207529989
433,2024-01-07 17:50:42,0.053296552995391704,0.38486965748847024
434,2024-01-08 01:06:12,0.053350070660522275,0.3844548942239415
435,2024-01-08 08:21:42,0.05340358832565284,0.3840401309594128
436,2024-01-08 15:37:12,0.05345710599078341,0.3836253676948841
437,2024-01-08 22:52:42,0.05351062365591398,0.38321060443035543
438,2024-01-09 06:08:12,0.05356414132104455,0.3827958411658267
439,2024-01-09 13:23:42,0.05361765898617511,0.38238107790129805
440,2024-01-09 20:39:12,0.053671176651305684,0.38196631463676933
441,2024-01-10 03:54:42,0.053724694316436256,0.3815515513722406
442,2024-01-10 11:10:12,0.05377821198156682,0.38113678810771195
443,2024-01-10 18:25:42,0.05383172964669739,0.38072202484318324
444,2024-01-11 01:41:12,0.053885247311827957,0.3803072615786546
445,2024-01-11 08:56:42,0.05393876497695853,0.37989249831412586
446,2024-01-11 16:12:12,0.05399228264208909,0.37947773504959714
447,2024-01-11 23:27:42,0.054045800307219664,0.3790629717850684
448,2024-01-12 06:43:12,0.05409931797235023,0.37864820852053976
449,2024-01-12 13:58:42,0.0541528356374808,0.37823344525601105
450,2024-01-12 21:14:12,0.054206353302611365,0.3778186819914824
451,2024-01-13 04:29:42,0.05425987096774194,0.37740391872695367
452,2024-01-13 11:45:12,0.05431338863287251,0.37698915546242495
453,2024-01-13 19:00:42,0.05436690629800307,0.3765743921978963
454,2024-01-14 02:16:12,0.05442042396313364,0.3761596289333676
455,2024-01-14 09:31:42,0.05447394162826421,0.3757448656688389
456,2024-01-14 16:47:12,0.05452745929339478,0.3753301024043102
457,2024-01-15 00:02:42,0.054580976958525346,0.3749153391397815
458,2024-01-15 07:18:12,0.05463449462365592,0.37450057587525276
459,2024-01-15 14:33:42,0.05468801228878648,0.3740858126107241
460,2024-01-15 21:49:12,0.054741529953917054,0.3736710493461954
461,2024-01-16 05:04:42,0.05479504761904762,0.3732562860816667
462,2024-01-16 12:20:12,0.05484856528417819,0.372841522817138
463,2024-01-16 19:35:42,0.054902082949308754,0.3724267595526093
464,2024-01-17 02:51:12,0.054955600614439326,0.3720119962880806
465,2024-01-17 10:06:42,0.05500911827956989,0.3715972330235519
466,2024-01-17 17:22:12,0.05506263594470046,0.37118246975902325
467,2024-01-18 00:37:42,0.055116153609831034,0.37076770649449453
468,2024-01-18 07:53:12,0.0551696712749616,0.3703529432299658
469,2024-01-18 15:08:42,0.05522318894009216,0.3699381799654371
470,2024-01-18 22:24:12,0.055276706605222735,0.36952341670090844
471,2024-01-19 05:39:42,0.055330224270353306,0.3691086534363797
472,2024-01-19 12:55:12,0.05538374193548387,0.36869389017185106
473,2024-01-19 20:10:42,0.05543725960061444,0.36827912690732234
474,2024-01-20 03:26:12,0.05549077726574501,0.3678643636427936
475,2024-01-20 10:41:42,0.05554429493087558,0.36744960037826496
476,2024-01-20 17:57:12,0.055597812596006144,0.36703483711373625
477,2024-01-21 01:12:42,0.055651330261136715,0.3666200738492076
478,2024-01-21 08:28:12,0.05570484792626729,0.36620531058467887
479,2024-01-21 15:43:42,0.05575836559139785,0.36579054732015015
480,2024-01-21 22:59:12,0.055811883256528416,0.36537578405562143
481,2024-01-22 06:14:42,0.05586540092165899,0.36496102079109277
482,2024-01-22 13:30:12,0.05591891858678956,0.36454625752656405
483,2024-01-22 20:45:42,0.055972436251920124,0.3641314942620354
484,2024-01-23 04:01:12,0.05602595391705069,0.3637167309975067
485,2024-01-23 11:16:42,0.05607947158218126,0.36330196773297796
486,2024-01-23 18:32:12,0.05613298924731183,0.36288720446844924
487,2024-01-24 01:47:42,0.0561865069124424,0.3624724412039206
488,2024-01-24 09:03:12,0.05624002457757296,0.3620576779393919
489,2024-01-24 16:18:42,0.05629354224270353,0.3616429146748632
490,2024-01-24 23:34:12,0.056347059907834104,0.3612281514103345
491,2024-01-25 06:49:42,0.05640057757296467,0.36081338814580577
492,2024-01-25 14:05:12,0.05645409523809524,0.3603986248812771
493,2024-01-25 21:20:42,0.05650761290322581,0.3599838616167484
494,2024-01-26 04:36:12,0.05656113056835638,0.35956909835221973
495,2024-01-26 11:51:42,0.05661464823348694,0.359154335087691
496,2024-01-26 19:07:12,0.05666816589861751,0.3587395718231623
497,2024-01-27 02:22:42,0.056721683563748085,0.3583248085586336
498,2024-01-27 09:38:12,0.05677520122887865,0.3579100452941049
499,2024-01-27 16:53:42,0.056828718894009214,0.35749528202957626
500,2024-01-28 00:09:12,0.056882236559139786,0.35708051876504754
501,2024-01-28 07:24:42,0.05693575422427036,0.3566657555005188
502,2024-01-28 14:40:12,0.05698927188940092,0.3562509922359901
503,2024-01-28 21:55:42,0.05704278955453149,0.35583622897146144
504,2024-01-29 05:11:12,0.05709630721966206,0.3554214657069327
505,2024-01-29 12:26:42,0.05714982488479263,0.35500670244240407
506,2024-01-29 19:42:12,0.057203342549923195,0.35459193917787535
507,2024-01-30 02:57:42,0.057256860215053766,0.35417717591334663
508,2024-01-30 10:13:12,0.05731037788018434,0.3537624126488179
509,2024-01-30 17:28:42,0.0573638955453149,0.35334764938428925
510,2024-01-31 00:44:12,0.05741741321044547,0.3529328861197606
511,2024-01-31 07:59:42,0.05747093087557604,0.3525181228552319
512,2024-01-31 15:15:12,0.05752444854070661,0.35210335959070316
513,2024-01-31 22:30:42,0.057577966205837175,0.35168859632617444
514,2024-02-01 05:46:12,0.05763148387096774,0.3512738330616458
515,2024-02-01 13:01:42,0.05768500153609831,0.35085906979711706
516,2024-02-01 20:17:12,0.05773851920122888,0.3504443065325884
517,2024-02-02 03:32:42,0.05779203686635945,0.3500295432680597
518,2024-02-02 10:48:12,0.05784555453149001,0.34961478000353097
519,2024-02-02 18:03:42,0.057899072196620584,0.34920001673900225
520,2024-02-03 01:19:12,0.057952589861751155,0.3487852534744736
521,2024-02-03 08:34:42,0.05800610752688172,0.3483704902099449
522,2024-02-03 15:50:12,0.05805962519201229,0.3479557269454162
523,2024-02-03 23:05:42,0.05811314285714286,0.3475409636808875
524,2024-02-04 06:21:12,0.05816666052227343,0.3471262004163588
525,2024-02-04 13:36:42,0.05822017818740399,0.3467114371518301
526,2024-02-04 20:52:12,0.058273695852534564,0.3462966738873014
527,2024-02-05 04:07:42,0.058327213517665136,0.34588191062277274
528,2024-02-05 11:23:12,0.0583807311827957,0.345467147358244
529,2024-02-05 18:38:42,0.058434248847926265,0.3450523840937153
530,2024-02-06 01:54:12,0.05848776651305684,0.3446376208291866
531,2024-02-06 09:09:42,0.05854128417818741,0.3442228575646579
532,2024-02-06 16:25:12,0.05859480184331797,0.34380809430012926
533,2024-02-06 23:40:42,0.05864831950844854,0.34339333103560055
534,2024-02-07 06:56:12,0.05870183717357911,0.34297856777107183
535,2024-02-07 14:11:42,0.05875535483870968,0.3425638045065431
536,2024-02-07 21:27:12,0.058808872503840245,0.34214904124201445
537,2024-02-08 04:42:42,0.05886239016897081,0.34173427797748573
538,2024-02-08 11:58:12,0.05891590783410139,0.3413195147129571
539,2024-02-08 19:13:42,0.05896942549923195,0.34090475144842836
540,2024-02-09 02:29:12,0.05902294316436252,0.34048998818389964
541,2024-02-09 09:44:42,0.05907646082949309,0.3400752249193709
542,2024-02-09 17:00:12,0.05912997849462366,0.33966046165484226
543,2024-02-10 00:15:42,0.059183496159754226,0.3392456983903136
544,2024-02-10 07:31:12,0.05923701382488479,0.3388309351257849
545,2024-02-10 14:46:42,0.05929053149001536,0.33841617186125617
546,2024-02-10 22:02:12,0.059344049155145934,0.33800140859672745
547,2024-02-11 05:17:42,0.0593975668202765,0.33758664533219873
548,2024-02-11 12:33:12,0.05945108448540706,0.33717188206767007
549,2024-02-11 19:48:42,0.059504602150537635,0.3367571188031414
550,2024-02-12 03:04:12,0.059558119815668206,0.3363423555386127
551,2024-02-12 10:19:42,0.05961163748079877,0.335927592274084
552,2024-02-12 17:35:12,0.059665155145929336,0.33551282900955526
553,2024-02-13 00:50:42,0.059718672811059914,0.3350980657450266
554,2024-02-13 08:06:12,0.05977219047619048,0.33468330248049794
555,2024-02-13 15:21:42,0.05982570814132104,0.3342685392159692
556,2024-02-13 22:37:12,0.059879225806451615,0.3338537759514405
557,2024-02-14 05:52:42,0.05993274347158219,0.3334390126869118
558,2024-02-14 13:08:12,0.05998626113671275,0.33302424942238307
559,2024-02-14 20:23:42,0.060039778801843316,0.3326094861578544
560,2024-02-15 03:39:12,0.06009329646697389,0.33219472289332574
561,2024-02-15 10:54:42,0.06014681413210446,0.331779959628797
562,2024-02-15 18:10:12,0.060200331797235024,0.3313651963642683
563,2024-02-16 01:25:42,0.06025384946236559,0.3309504330997396
564,2024-02-16 08:41:12,0.06030736712749616,0.33053566983521093
565,2024-02-16 15:56:42,0.06036088479262673,0.3301209065706822
566,2024-02-16 23:12:12,0.060414402457757296,0.32970614330615355
567,2024-02-17 06:27:42,0.06046792012288786,0.32929138004162484
568,2024-02-17 13:43:12,0.06052143778801844,0.3288766167770961
569,2024-02-17 20:58:42,0.060574955453149004,0.3284618535125674
570,2024-02-18 04:14:12,0.06062847311827957,0.32804709024803874
571,2024-02-18 11:29:42,0.06068199078341014,0.3276323269835101
572,2024-02-18 18:45:12,0.06073550844854071,0.32721756371898136
573,2024-02-19 02:00:42,0.06078902611367128,0.32680280045445265
574,2024-02-19 09:16:12,0.06084254377880184,0.32638803718992393
575,2024-02-19 16:31:42,0.06089606144393241,0.32597327392539527
576,2024-02-19 23:47:12,0.060949579109062985,0.32555851066086655
577,2024-02-20 07:02:42,0.06100309677419355,0.3251437473963379
578,2024-02-20 14:18:12,0.061056614439324114,0.3247289841318092
579,2024-02-20 21:33:42,0.061110132104454686,0.32431422086728046
580,2024-02-21 04:49:12,0.06116364976958526,0.32389945760275174
581,2024-02-21 12:04:42,0.06121716743471582,0.3234846943382231
582,2024-02-21 19:20:12,0.061270685099846386,0.3230699310736944
583,2024-02-22 02:35:42,0.06132420276497696,0.3226551678091657
584,2024-02-22 09:51:12,0.06137772043010753,0.322240404544637
585,2024-02-22 17:06:42,0.061431238095238094,0.32182564128010827
586,2024-02-23 00:22:12,0.061484755760368666,0.3214108780155796
587,2024-02-23 07:37:42,0.06153827342549924,0.3209961147510509
588,2024-02-23 14:53:12,0.0615917910906298,0.3205813514865222
589,2024-02-23 22:08:42,0.06164530875576037,0.3201665882219935
590,2024-02-24 05:24:12,0.06169882642089094,0.3197518249574648
591,2024-02-24 12:39:42,0.06175234408602151,0.3193370616929361
592,2024-02-24 19:55:12,0.061805861751152075,0.3189222984284074
593,2024-02-25 03:10:42,0.06185937941628264,0.31850753516387875
594,2024-02-25 10:26:12,0.06191289708141321,0.31809277189935004
595,2024-02-25 17:41:42,0.06196641474654378,0.3176780086348213
596,2024-02-26 00:57:12,0.06201993241167435,0.3172632453702926
597,2024-02-26 08:12:42,0.06207345007680491,0.31684848210576394
598,2024-02-26 15:28:12,0.062126967741935483,0.3164337188412352
599,2024-02-26 22:43:42,0.062180485407066055,0.31601895557670656
600,2024-02-27 05:59:12,0.06223400307219662,0.31560419231217784
601,2024-02-27 13:14:42,0.06228752073732719,0.31518942904764913
602,2024-02-27 20:30:12,0.06234103840245776,0.3147746657831204
603,2024-02-28 03:45:42,0.06239455606758833,0.31435990251859175
604,2024-02-28 11:01:12,0.06244807373271889,0.3139451392540631
605,2024-02-28 18:16:42,0.06250159139784947,0.31353037598953437
606,2024-02-29 01:32:12,0.06255510906298004,0.31311561272500565
607,2024-02-29 08:47:42,0.0626086267281106,0.31270084946047694
608,2024-02-29 16:03:12,0.06266214439324116,0.3122860861959483
609,2024-02-29 23:18:42,0.06271566205837173,0.31187132293141956
610,2024-03-01 06:34:12,0.06276917972350231,0.3114565596668909
611,2024-03-01 13:49:42,0.06282269738863287,0.3110417964023622
612,2024-03-01 21:05:12,0.06287621505376344,0.31062703313783346
613,2024-03-02 04:20:42,0.06292973271889402,0.31021226987330475
614,2024-03-02 11:36:12,0.06298325038402458,0.3097975066087761
615,2024-03-02 18:51:42,0.06303676804915515,0.3093827433442474
616,2024-03-03 02:07:12,0.06309028571428571,0.3089679800797187
617,2024-03-03 09:22:42,0.06314380337941629,0.30855321681519
618,2024-03-03 16:38:12,0.06319732104454685,0.3081384535506613
619,2024-03-03 23:53:42,0.06325083870967742,0.3077236902861326
620,2024-03-04 07:09:12,0.063304356374808,0.3073089270216039
621,2024-03-04 14:24:42,0.06335787403993856,0.30689416375707523
622,2024-03-04 21:40:12,0.06341139170506913,0.3064794004925465
623,2024-03-05 04:55:42,0.06346490937019969,0.3060646372280178
624,2024-03-05 12:11:12,0.06351842703533025,0.3056498739634891
625,2024-03-05 19:26:42,0.06357194470046083,0.3052351106989604
626,2024-03-06 02:42:12,0.0636254623655914,0.30482034743443176
627,2024-03-06 09:57:42,0.06367898003072196,0.30440558416990304
628,2024-03-06 17:13:12,0.06373249769585254,0.3039908209053743
629,2024-03-07 00:28:42,0.0637860153609831,0.3035760576408456
630,2024-03-07 07:44:12,0.06383953302611367,0.30316129437631695
631,2024-03-07 14:59:42,0.06389305069124424,0.30274653111178823
632,2024-03-07 22:15:12,0.06394656835637481,0.30233176784725957
633,2024-03-08 05:30:42,0.06400008602150538,0.30191700458273085
634,2024-03-08 12:46:12,0.06405360368663594,0.30150224131820214
635,2024-03-08 20:01:42,0.06410712135176652,0.3010874780536734
636,2024-03-09 03:17:12,0.06416063901689709,0.30067271478914476
637,2024-03-09 10:32:42,0.06421415668202765,0.3002579515246161
638,2024-03-09 17:48:12,0.06426767434715822,0.2998431882600874
639,2024-03-10 01:03:42,0.06432119201228878,0.29942842499555866
640,2024-03-10 09:19:12,0.06437470967741936,0.29901366173102994
641,2024-03-10 16:34:42,0.06442822734254992,0.29859889846650123
642,2024-03-10 23:50:12,0.06448174500768049,0.29818413520197257
643,2024-03-11 07:05:42,0.06453526267281107,0.2977693719374439
644,2024-03-11 14:21:12,0.06458878033794163,0.2973546086729152
645,2024-03-11 21:36:42,0.0646422980030722,0.29693984540838647
646,2024-03-12 04:52:12,0.06469581566820276,0.29652508214385775
647,2024-03-12 12:07:42,0.06474933333333334,0.2961103188793291
648,2024-03-12 19:23:12,0.0648028509984639,0.29569555561480043
649,2024-03-13 02:38:42,0.06485636866359447,0.2952807923502717
650,2024-03-13 09:54:12,0.06490988632872505,0.294866029085743
651,2024-03-13 17:09:42,0.06496340399385561,0.2944512658212143
652,2024-03-14 00:25:12,0.06501692165898618,0.29403650255668556
653,2024-03-14 07:40:42,0.06507043932411674,0.2936217392921569
654,2024-03-14 14:56:12,0.0651239569892473,0.29320697602762824
655,2024-03-14 22:11:42,0.06517747465437788,0.2927922127630995
656,2024-03-15 05:27:12,0.06523099231950845,0.2923774494985708
657,2024-03-15 12:42:42,0.06528450998463901,0.2919626862340421
658,2024-03-15 19:58:12,0.06533802764976959,0.29154792296951343
659,2024-03-16 03:13:42,0.06539154531490016,0.2911331597049847
660,2024-03-16 10:29:12,0.06544506298003072,0.29071839644045605
661,2024-03-16 17:44:42,0.06549858064516129,0.29030363317592733
662,2024-03-17 01:00:12,0.06555209831029186,0.2898888699113986
663,2024-03-17 08:15:42,0.06560561597542243,0.2894741066468699
664,2024-03-17 15:31:12,0.065659133640553,0.28905934338234124
665,2024-03-17 22:46:42,0.06571265130568357,0.2886445801178126
666,2024-03-18 06:02:12,0.06576616897081414,0.28822981685328386
667,2024-03-18 13:17:42,0.0658196866359447,0.28781505358875514
668,2024-03-18 20:33:12,0.06587320430107527,0.2874002903242264
669,2024-03-19 03:48:42,0.06592672196620583,0.28698552705969776
670,2024-03-19 11:04:12,0.06598023963133641,0.28657076379516905
671,2024-03-19 18:19:42,0.06603375729646697,0.2861560005306404
672,2024-03-20 01:35:12,0.06608727496159754,0.28574123726611167
673,2024-03-20 08:50:42,0.06614079262672812,0.28532647400158295
674,2024-03-20 16:06:12,0.06619431029185868,0.28491171073705424
675,2024-03-20 23:21:42,0.06624782795698925,0.2844969474725256
676,2024-03-21 06:37:12,0.06630134562211981,0.2840821842079969
677,2024-03-21 13:52:42,0.06635486328725039,0.2836674209434682
678,2024-03-21 21:08:12,0.06640838095238095,0.2832526576789395
679,2024-03-22 04:23:42,0.06646189861751152,0.28283789441441076
680,2024-03-22 11:39:12,0.0665154162826421,0.2824231311498821
681,2024-03-22 18:54:42,0.06656893394777266,0.2820083678853534
682,2024-03-23 02:10:12,0.06662245161290323,0.2815936046208247
683,2024-03-23 09:25:42,0.06667596927803379,0.281178841356296
684,2024-03-23 16:41:12,0.06672948694316436,0.2807640780917673
685,2024-03-23 23:56:42,0.06678300460829494,0.28034931482723857
686,2024-03-24 07:12:12,0.0668365222734255,0.2799345515627099
687,2024-03-24 14:27:42,0.06689003993855606,0.27951978829818125
688,2024-03-24 21:43:12,0.06694355760368664,0.27910502503365253
689,2024-03-25 04:58:42,0.06699707526881721,0.2786902617691238
690,2024-03-25 12:14:12,0.06705059293394777,0.2782754985045951
691,2024-03-25 19:29:42,0.06710411059907834,0.27786073524006644
692,2024-03-26 02:45:12,0.06715762826420892,0.2774459719755377
693,2024-03-26 10:00:42,0.06721114592933948,0.27703120871100906
694,2024-03-26 17:16:12,0.06726466359447004,0.27661644544648034
695,2024-03-27 00:31:42,0.06731818125960062,0.2762016821819516
696,2024-03-27 07:47:12,0.06737169892473119,0.2757869189174229
697,2024-03-27 15:02:42,0.06742521658986175,0.27537215565289425
698,2024-03-27 22:18:12,0.06747873425499232,0.2749573923883656
699,2024-03-28 05:33:42,0.06753225192012288,0.27454262912383687
700,2024-03-28 12:49:12,0.06758576958525346,0.27412786585930815
701,2024-03-28 20:04:42,0.06763928725038403,0.27371310259477943
702,2024-03-29 03:20:12,0.06769280491551459,0.2732983393302508
703,2024-03-29 10:35:42,0.06774632258064517,0.27288357606572206
704,2024-03-29 17:51:12,0.06779984024577573,0.2724688128011934
705,2024-03-30 01:06:42,0.0678533579109063,0.2720540495366647
706,2024-03-30 08:22:12,0.06790687557603686,0.27163928627213596
707,2024-03-30 15:37:42,0.06796039324116744,0.27122452300760724
708,2024-03-30 22:53:12,0.068013910906298,0.2708097597430786
709,2024-03-31 06:08:42,0.06806742857142857,0.2703949964785499
710,2024-03-31 13:24:12,0.06812094623655915,0.2699802332140212
711,2024-03-31 20:39:42,0.06817446390168971,0.2695654699494925
712,2024-04-01 03:55:12,0.06822798156682028,0.26915070668496377
713,2024-04-01 11:10:42,0.06828149923195084,0.2687359434204351
714,2024-04-01 18:26:12,0.06833501689708141,0.2683211801559064
715,2024-04-02 01:41:42,0.06838853456221199,0.26790641689137773
716,2024-04-02 08:57:12,0.06844205222734255,0.267491653626849
717,2024-04-02 16:12:42,0.06849556989247312,0.2670768903623203
718,2024-04-02 23:28:12,0.0685490875576037,0.2666621270977916
719,2024-04-03 06:43:42,0.06860260522273426,0.2662473638332629
720,2024-04-03 13:59:12,0.06865612288786482,0.26583260056873426
721,2024-04-03 21:14:42,0.06870964055299539,0.26541783730420554
722,2024-04-04 04:30:12,0.06876315821812597,0.2650030740396768
723,2024-04-04 11:45:42,0.06881667588325653,0.2645883107751481
724,2024-04-04 19:01:12,0.0688701935483871,0.26417354751061944
725,2024-04-05 02:16:42,0.06892371121351767,0.2637587842460907
726,2024-04-05 09:32:12,0.06897722887864824,0.26334402098156207
727,2024-04-05 16:47:42,0.0690307465437788,0.26292925771703335
728,2024-04-06 00:03:12,0.06908426420890937,0.26251449445250463
729,2024-04-06 07:18:42,0.06913778187403993,0.2620997311879759
730,2024-04-06 14:34:12,0.06919129953917051,0.26168496792344725
731,2024-04-06 21:49:42,0.06924481720430108,0.2612702046589186
732,2024-04-07 05:05:12,0.06929833486943164,0.2608554413943899
733,2024-04-07 12:20:42,0.06935185253456222,0.26044067812986116
734,2024-04-07 19:36:12,0.06940537019969278,0.26002591486533244
735,2024-04-08 02:51:42,0.06945888786482335,0.2596111516008037
736,2024-04-08 10:07:12,0.06951240552995391,0.25919638833627506
737,2024-04-08 17:22:42,0.06956592319508448,0.2587816250717464
738,2024-04-09 00:38:12,0.06961944086021506,0.2583668618072177
739,2024-04-09 07:53:42,0.06967295852534562,0.25795209854268897
740,2024-04-09 15:09:12,0.0697264761904762,0.25753733527816025
741,2024-04-09 22:24:42,0.06977999385560676,0.2571225720136316
742,2024-04-10 05:40:12,0.06983351152073733,0.25670780874910293
743,2024-04-10 12:55:42,0.0698870291858679,0.2562930454845742
744,2024-04-10 20:11:12,0.06994054685099846,0.2558782822200455
745,2024-04-11 03:26:42,0.06999406451612904,0.2554635189555168
746,2024-04-11 10:42:12,0.0700475821812596,0.25504875569098806
747,2024-04-11 17:57:42,0.07010109984639017,0.2546339924264594
748,2024-04-12 01:13:12,0.07015461751152074,0.25421922916193074
749,2024-04-12 08:28:42,0.07020813517665131,0.253804465897402
750,2024-04-12 15:44:12,0.07026165284178187,0.2533897026328733
751,2024-04-12 22:59:42,0.07031517050691244,0.2529749393683446
752,2024-04-13 06:15:12,0.070368688172043,0.2525601761038159
753,2024-04-13 13:30:42,0.07042220583717358,0.2521454128392872
754,2024-04-13 20:46:12,0.07047572350230415,0.25173064957475855
755,2024-04-14 04:01:42,0.07052924116743473,0.25131588631022983
756,2024-04-14 11:17:12,0.07058275883256529,0.2509011230457011
757,2024-04-14 18:32:42,0.07063627649769585,0.2504863597811724
758,2024-04-15 01:48:12,0.07068979416282642,0.25007159651664373
759,2024-04-15 09:03:42,0.07074331182795698,0.24965683325211505
760,2024-04-15 16:19:12,0.07079682949308756,0.24924206998758636
761,2024-04-15 23:34:42,0.07085034715821813,0.24882730672305764
762,2024-04-16 06:50:12,0.07090386482334869,0.24841254345852895
763,2024-04-16 14:05:42,0.07095738248847927,0.24799778019400026
764,2024-04-16 21:21:12,0.07101090015360983,0.24758301692947154
765,2024-04-17 04:36:42,0.0710644178187404,0.24716825366494286
766,2024-04-17 11:52:12,0.07111793548387096,0.24675349040041417
767,2024-04-17 19:07:42,0.07117145314900153,0.24633872713588548
768,2024-04-18 02:23:12,0.07122497081413211,0.24592396387135676
769,2024-04-18 09:38:42,0.07127848847926267,0.24550920060682807
770,2024-04-18 16:54:12,0.07133200614439325,0.24509443734229938
771,2024-04-19 00:09:42,0.07138552380952382,0.2446796740777707
772,2024-04-19 07:25:12,0.07143904147465438,0.24426491081324198
773,2024-04-19 14:40:42,0.07149255913978494,0.2438501475487133
774,2024-04-19 21:56:12,0.07154607680491551,0.2434353842841846
775,2024-04-20 05:11:42,0.07159959447004607,0.24302062101965588
776,2024-04-20 12:27:12,0.07165311213517665,0.2426058577551272
777,2024-04-20 19:42:42,0.07170662980030723,0.2421910944905985
778,2024-04-21 02:58:12,0.0717601474654378,0.2417763312260698
779,2024-04-21 10:13:42,0.07181366513056836,0.2413615679615411
780,2024-04-21 17:29:12,0.07186718279569893,0.2409468046970124
781,2024-04-22 00:44:42,0.07192070046082949,0.24053204143248372
782,2024-04-22 08:00:12,0.07197421812596005,0.240117278167955
783,2024-04-22 15:15:42,0.07202773579109063,0.2397025149034263
784,2024-04-22 22:31:12,0.0720812534562212,0.23928775163889762
785,2024-04-23 05:46:42,0.07213477112135178,0.23887298837436893
786,2024-04-23 13:02:12,0.07218828878648234,0.23845822510984022
787,2024-04-23 20:17:42,0.0722418064516129,0.23804346184531153
788,2024-04-24 03:33:12,0.07229532411674347,0.23762869858078284
789,2024-04-24 10:48:42,0.07234884178187403,0.23721393531625412
790,2024-04-24 18:04:12,0.0724023594470046,0.23679917205172546
791,2024-04-25 01:19:42,0.07245587711213518,0.23638440878719674
792,2024-04-25 08:35:12,0.07250939477726576,0.23596964552266803
793,2024-04-25 15:50:42,0.07256291244239632,0.23555488225813936
794,2024-04-25 23:06:12,0.07261643010752689,0.23514011899361065
795,2024-04-26 06:21:42,0.07266994777265745,0.23472535572908193
796,2024-04-26 13:37:12,0.07272346543778802,0.23431059246455327
797,2024-04-26 20:52:42,0.07277698310291858,0.23389582920002455
798,2024-04-27 04:08:12,0.07283050076804916,0.2334810659354959
799,2024-04-27 11:23:42,0.07288401843317972,0.23306630267096717
800,2024-04-27 18:39:12,0.0729375360983103,0.23265153940643846
801,2024-04-28 01:54:42,0.07299105376344087,0.2322367761419098
802,2024-04-28 09:10:12,0.07304457142857143,0.23182201287738108
803,2024-04-28 16:25:42,0.073098089093702,0.23140724961285236
804,2024-04-28 23:41:12,0.07315160675883256,0.2309924863483237
805,2024-04-29 06:56:42,0.07320512442396312,0.23057772308379498
806,2024-04-29 14:12:12,0.0732586420890937,0.23016295981926627
807,2024-04-29 21:27:42,0.07331215975422428,0.2297481965547376
808,2024-04-30 04:43:12,0.07336567741935485,0.2293334332902089
809,2024-04-30 11:58:42,0.07341919508448541,0.22891867002568017
810,2024-04-30 19:14:12,0.07347271274961598,0.2285039067611515
811,2024-05-01 02:29:42,0.07352623041474654,0.2280891434966228
812,2024-05-01 09:45:12,0.0735797480798771,0.22767438023209413
813,2024-05-01 17:00:42,0.07363326574500768,0.22725961696756541
814,2024-05-02 00:16:12,0.07368678341013825,0.2268448537030367
815,2024-05-02 07:31:42,0.07374030107526883,0.22643009043850804
816,2024-05-02 14:47:12,0.07379381874039939,0.22601532717397932
817,2024-05-02 22:02:42,0.07384733640552996,0.2256005639094506
818,2024-05-03 05:18:12,0.07390085407066052,0.22518580064492194
819,2024-05-03 12:33:42,0.07395437173579109,0.22477103738039322
820,2024-05-03 19:49:12,0.07400788940092165,0.2243562741158645
821,2024-05-04 03:04:42,0.07406140706605223,0.22394151085133585
822,2024-05-04 10:20:12,0.07411492473118281,0.22352674758680713
823,2024-05-04 17:35:42,0.07416844239631337,0.22311198432227847
824,2024-05-05 00:51:12,0.07422196006144394,0.22269722105774975
825,2024-05-05 08:06:42,0.0742754777265745,0.22228245779322103
826,2024-05-05 15:22:12,0.07432899539170507,0.22186769452869237
827,2024-05-05 22:37:42,0.07438251305683563,0.22145293126416365
828,2024-05-06 05:53:12,0.07443603072196621,0.22103816799963494
829,2024-05-06 13:08:42,0.07448954838709677,0.22062340473510628
830,2024-05-06 20:24:12,0.07454306605222735,0.22020864147057756
831,2024-05-07 03:39:42,0.07459658371735792,0.21979387820604884
832,2024-05-07 10:55:12,0.07465010138248848,0.21937911494152018
833,2024-05-07 18:10:42,0.07470361904761905,0.21896435167699146
834,2024-05-08 01:26:12,0.07475713671274961,0.2185495884124628
835,2024-05-08 08:41:42,0.07481065437788018,0.21813482514793409
836,2024-05-08 15:57:12,0.07486417204301075,0.21772006188340537
837,2024-05-08 23:12:42,0.07491768970814132,0.2173052986188767
838,2024-05-09 06:28:12,0.0749712073732719,0.216890535354348
839,2024-05-09 13:43:42,0.07502472503840246,0.21647577208981927
840,2024-05-09 20:59:12,0.07507824270353303,0.2160610088252906
841,2024-05-10 04:14:42,0.07513176036866359,0.2156462455607619
842,2024-05-10 11:30:12,0.07518527803379416,0.21523148229623318
843,2024-05-10 18:45:42,0.07523879569892473,0.21481671903170452
844,2024-05-11 02:01:12,0.0752923133640553,0.2144019557671758
845,2024-05-11 09:16:42,0.07534583102918588,0.21398719250264714
846,2024-05-11 16:32:12,0.07539934869431644,0.21357242923811842
847,2024-05-11 23:47:42,0.07545286635944701,0.2131576659735897
848,2024-05-12 07:03:12,0.07550638402457757,0.21274290270906104
849,2024-05-12 14:18:42,0.07555990168970814,0.21232813944453233
850,2024-05-12 21:34:12,0.0756134193548387,0.2119133761800036
851,2024-05-13 04:49:42,0.07566693701996928,0.21149861291547495
852,2024-05-13 12:05:12,0.07572045468509984,0.21108384965094623
853,2024-05-13 19:20:42,0.07577397235023042,0.21066908638641751
854,2024-05-14 02:36:12,0.07582749001536099,0.21025432312188885
855,2024-05-14 09:51:42,0.07588100768049155,0.20983955985736014
856,2024-05-14 17:07:12,0.07593452534562212,0.20942479659283142
857,2024-05-15 00:22:42,0.07598804301075268,0.20901003332830276
858,2024-05-15 07:38:12,0.07604156067588326,0.20859527006377404
859,2024-05-15 14:53:42,0.07609507834101382,0.20818050679924538
860,2024-05-15 22:09:12,0.0761485960061444,0.20776574353471666
861,2024-05-16 05:24:42,0.07620211367127497,0.20735098027018795
862,2024-05-16 12:40:12,0.07625563133640553,0.20693621700565928
863,2024-05-16 19:55:42,0.0763091490015361,0.20652145374113057
864,2024-05-17 03:11:12,0.07636266666666666,0.20610669047660185
865,2024-05-17 10:26:42,0.07641618433179723,0.2056919272120732
866,2024-05-17 17:42:12,0.0764697019969278,0.20527716394754447
867,2024-05-18 00:57:42,0.07652321966205837,0.20486240068301576
868,2024-05-18 08:13:12,0.07657673732718895,0.2044476374184871
869,2024-05-18 15:28:42,0.07663025499231951,0.20403287415395838
870,2024-05-18 22:44:12,0.07668377265745008,0.20361811088942972
871,2024-05-19 05:59:42,0.07673729032258064,0.203203347624901
872,2024-05-19 13:15:12,0.07679080798771121,0.20278858436037228
873,2024-05-19 20:30:42,0.07684432565284179,0.20237382109584362
874,2024-05-20 03:46:12,0.07689784331797235,0.2019590578313149
875,2024-05-20 11:01:42,0.07695136098310293,0.2015442945667862
876,2024-05-20 18:17:12,0.0770048786482335,0.20112953130225752
877,2024-05-21 01:32:42,0.07705839631336406,0.2007147680377288
878,2024-05-21 08:48:12,0.07711191397849462,0.2003000047732001
879,2024-05-21 16:03:42,0.07716543164362519,0.19988524150867143
880,2024-05-21 23:19:12,0.07721894930875575,0.1994704782441427
881,2024-05-22 06:34:42,0.07727246697388633,0.19905571497961405
882,2024-05-22 13:50:12,0.0773259846390169,0.19864095171508533
883,2024-05-22 21:05:42,0.07737950230414747,0.19822618845055662
884,2024-05-23 04:21:12,0.07743301996927804,0.19781142518602796
885,2024-05-23 11:36:42,0.0774865376344086,0.19739666192149924
886,2024-05-23 18:52:12,0.07754005529953917,0.19698189865697052
887,2024-05-24 02:07:42,0.07759357296466973,0.19656713539244186
888,2024-05-24 09:23:12,0.07764709062980031,0.19615237212791314
889,2024-05-24 16:38:42,0.07770060829493088,0.19573760886338443
890,2024-05-24 23:54:12,0.07775412596006145,0.19532284559885577
891,2024-05-25 07:09:42,0.07780764362519202,0.19490808233432705
892,2024-05-25 14:25:12,0.07786116129032258,0.1944933190697984
893,2024-05-25 21:40:42,0.07791467895545315,0.19407855580526967
894,2024-05-26 04:56:12,0.07796819662058371,0.19366379254074095
895,2024-05-26 12:11:42,0.07802171428571428,0.1932490292762123
896,2024-05-26 19:27:12,0.07807523195084486,0.19283426601168357
897,2024-05-27 02:42:42,0.07812874961597542,0.19241950274715486
898,2024-05-27 09:58:12,0.078182267281106,0.1920047394826262
899,2024-05-27 17:13:42,0.07823578494623656,0.19158997621809748
900,2024-05-28 00:29:12,0.07828930261136713,0.19117521295356876
901,2024-05-28 07:44:42,0.0783428202764977,0.1907604496890401
902,2024-05-28 15:00:12,0.07839633794162826,0.19034568642451138
903,2024-05-28 22:15:42,0.07844985560675884,0.18993092315998267
904,2024-05-29 05:31:12,0.0785033732718894,0.189516159895454
905,2024-05-29 12:46:42,0.07855689093701998,0.1891013966309253
906,2024-05-29 20:02:12,0.07861040860215054,0.18868663336639663
907,2024-05-30 03:17:42,0.07866392626728111,0.1882718701018679
908,2024-05-30 10:33:12,0.07871744393241167,0.1878571068373392
909,2024-05-30 17:48:42,0.07877096159754224,0.18744234357281053
910,2024-05-31 01:04:12,0.0788244792626728,0.18702758030828182
911,2024-05-31 08:19:42,0.07887799692780338,0.1866128170437531
912,2024-05-31 15:35:12,0.07893151459293395,0.18619805377922444
913,2024-05-31 22:50:42,0.07898503225806452,0.18578329051469572
914,2024-06-01 06:06:12,0.07903854992319509,0.185368527250167
915,2024-06-01 13:21:42,0.07909206758832565,0.18495376398563834
916,2024-06-01 20:37:12,0.07914558525345622,0.18453900072110963
917,2024-06-02 03:52:42,0.07919910291858678,0.18412423745658096
918,2024-06-02 11:08:12,0.07925262058371736,0.18370947419205225
919,2024-06-02 18:23:42,0.07930613824884793,0.18329471092752353
920,2024-06-03 01:39:12,0.0793596559139785,0.18287994766299487
921,2024-06-03 08:54:42,0.07941317357910907,0.18246518439846615
922,2024-06-03 16:10:12,0.07946669124423963,0.18205042113393743
923,2024-06-03 23:25:42,0.0795202089093702,0.18163565786940877
924,2024-06-04 06:41:12,0.07957372657450076,0.18122089460488006
925,2024-06-04 13:56:42,0.07962724423963133,0.18080613134035134
926,2024-06-04 21:12:12,0.07968076190476191,0.18039136807582268
927,2024-06-05 04:27:42,0.07973427956989247,0.17997660481129396
928,2024-06-05 11:43:12,0.07978779723502305,0.1795618415467653
929,2024-06-05 18:58:42,0.07984131490015361,0.17914707828223658
930,2024-06-06 02:14:12,0.07989483256528418,0.17873231501770787
931,2024-06-06 09:29:42,0.07994835023041474,0.1783175517531792
932,2024-06-06 16:45:12,0.08506666666666667,0.18573437301841164
933,2024-06-07 00:00:42,0.08116666666666666,0.3350366971322468
934,2024-06-07 07:16:12,0.0732,0.34053863219118546
935,2024-06-07 14:31:42,0.0617,0.2878934887370893
936,2024-06-07 21:47:12,0.20706666666666668,0.2565075961340751
937,2024-06-08 05:02:42,0.05054,0.18440957530401647
938,2024-06-08 12:18:12,0.11853333333333335,0.34271729584517224
939,2024-06-08 19:33:42,0.06876666666666667,0.2918784694213952
940,2024-06-09 02:49:12,0.1496,0.17022169334813952
941,2024-06-09 10:04:42,0.08059999999999999,0.54624770641593
942,2024-06-09 17:20:12,0.16673333333333334,0.31799357617273927
943,2024-06-10 00:35:42,0.1943,0.280839386263064
944,2024-06-10 07:51:12,0.30706666666666665,0.49484704434871674
945,2024-06-10 15:06:42,0.22223333333333334,0.28423328551330734
946,2024-06-10 22:22:12,0.2063,0.20674170483835042
947,2024-06-11 05:37:42,0.14199166666666665,0.2211279465914949
948,2024-06-11 12:53:12,0.44866666666666666,0.3808819482723872
949,2024-06-11 20:08:42,0.3942,0.29767665632867385
950,2024-06-12 03:24:12,0.3161333333333333,0.27135155629366636
951,2024-06-12 10:39:42,0.4664666666666667,0.3650281799491495
952,2024-06-12 17:55:12,0.4784,0.5422335288354329
953,2024-06-13 01:10:42,0.45,0.35036385784457835
954,2024-06-13 08:26:12,0.6362,0.561971834727696
955,2024-06-13 15:41:42,0.3461,0.42326064920052886
956,2024-06-13 22:57:12,0.22186666666666666,0.21202621841803193
957,2024-06-14 06:12:42,0.1959611111111111,0.23178964957090403
958,2024-06-14 13:28:12,0.27940000000000004,0.35108379422333735
959,2024-06-14 20:43:42,0.3,0.3049257985937099
960,2024-06-15 03:59:12,0.33973333333333333,0.33352577686309814
961,2024-06-15 11:14:42,0.2951,0.24251341560323322
962,2024-06-15 18:30:12,0.3102,0.2766352128237486
963,2024-06-16 01:45:42,0.3047666666666667,0.3683472029598696
964,2024-06-16 09:01:12,0.3324909090909091,0.514274121831777
965,2024-06-16 16:16:42,0.25,0.2806741916075615
966,2024-06-16 23:32:12,0.20073333333333335,0.19229096327243106
967,2024-06-17 06:47:42,0.36,0.3511442382280764
968,2024-06-17 14:03:12,0.4457333333333333,0.32564485924584524
969,2024-06-17 21:18:42,0.14376666666666668,0.2805976695691546
970,2024-06-18 04:34:12,0.217,0.2874771217505137
971,2024-06-18 11:49:42,0.3268666666666667,0.2919608745723963
972,2024-06-18 19:05:12,0.39480000000000004,0.38734791467764546
973,2024-06-19 02:20:42,0.5038,0.4771414093141045
974,2024-06-19 09:36:12,0.6162,0.5264578077143857
975,2024-06-19 16:51:42,0.3555333333333333,0.35325417048963054
976,2024-06-20 00:07:12,0.18,0.29982973262667656
977,2024-06-20 07:22:42,0.21243333333333334,0.269230158533901
978,2024-06-20 14:38:12,0.10726666666666666,0.2411923603420811
979,2024-06-20 21:53:42,0.3658,0.24569016532041132
980,2024-06-21 05:09:12,0.28215999999999997,0.3067514518092216
981,2024-06-21 12:24:42,0.2935333333333333,0.27172914795976666
982,2024-06-21 19:40:12,0.1883,0.30634455043556436
983,2024-06-22 02:55:42,0.8228333333333333,0.8409876622525709
984,2024-06-22 10:11:12,1.2062666666666666,1.0402512906917505
985,2024-06-22 17:26:42,0.48219999999999996,0.361366947381092
986,2024-06-23 00:42:12,0.7503333333333333,0.7439983758543219
987,2024-06-23 07:57:42,0.8530666666666666,0.8669386878609657
988,2024-06-23 15:13:12,0.6392,0.5717304332980088
989,2024-06-23 22:28:42,0.5887,0.33712321719420807
990,2024-06-24 05:44:12,0.5852666666666667,0.6070574353382524
991,2024-06-24 12:59:42,0.48969999999999997,0.31146195183197656
992,2024-06-24 20:15:12,0.41986666666666667,0.35283832252025604
993,2024-06-25 03:30:42,0.22,0.21613576238243176
994,2024-06-25 10:46:12,0.2746,0.3685081251231688
995,2024-06-25 18:01:42,0.2705666666666667,0.31669608490275486
996,2024-06-26 01:17:12,0.19706666666666667,0.2990922672407968
997,2024-06-26 08:32:42,0.20315,0.26082192291505635
998,2024-06-26 15:48:12,0.3482,0.3041295826302043
999,2024-06-26 23:03:42,0.23753333333333332,0.20568052685952612
1000,2024-06-27 06:19:12,0.13019999999999998,0.2643242817241372
1001,2024-06-27 13:34:42,0.13470000000000001,0.4049689171037504
1002,2024-06-27 20:50:12,0.31693333333333334,0.2711929761405502
1003,2024-06-28 04:05:42,0.2114,0.2390726485588987
1004,2024-06-28 11:21:12,0.41173333333333334,0.4402021866823946
1005,2024-06-28 18:36:42,0.11776666666666666,0.2270909367029422
1006,2024-06-29 01:52:12,0.17479999999999998,0.22302030426050937
1007,2024-06-29 09:07:42,0.20486666666666667,0.2608032438438386
1008,2024-06-29 16:23:12,0.11773333333333333,0.2092915451420205
1009,2024-06-29 23:38:42,0.1429,0.19040108610144152
1010,2024-06-30 06:54:12,0.12096666666666667,0.2838683567907927
1011,2024-06-30 14:09:42,0.11646666666666666,0.2714210183559252
1012,2024-06-30 21:25:12,0.18159999999999998,0.2408414472426687
1013,2024-07-01 04:40:42,0.5171333333333333,0.3660500335307526
1014,2024-07-01 11:56:12,0.32253333333333334,0.2513725122303835
1015,2024-07-01 19:11:42,0.1622,0.29185051790305544
1016,2024-07-02 02:27:12,0.4209333333333333,0.48354148279343334
1017,2024-07-02 09:42:42,0.8812333333333333,0.7947994479909539
1018,2024-07-02 16:58:12,0.5529,0.5933972843257445
1019,2024-07-03 00:13:42,0.9662999999999999,0.8751387163730604
1020,2024-07-03 07:29:12,1.5808,1.558065805052008
1021,2024-07-03 14:44:42,1.1058999999999999,1.1459650921502285
1022,2024-07-03 22:00:12,0.7497333333333334,0.815688653383404
1023,2024-07-04 05:15:42,0.8304666666666666,0.8184491885726207
1024,2024-07-04 12:31:12,0.778,0.699149162604891
1025,2024-07-04 19:46:42,0.9944333333333333,0.9678477924982352
1026,2024-07-05 03:02:12,1.3092666666666668,1.3074076202298914
1027,2024-07-05 10:17:42,1.2946,1.3218281297013164
1028,2024-07-05 17:33:12,0.5789333333333333,0.7114437525825841
1029,2024-07-06 00:48:42,0.91,0.9249507846044642
1030,2024-07-06 08:04:12,1.4732,1.482688913920096
1031,2024-07-06 15:19:42,1.3703,1.36523665088628
1032,2024-07-06 22:35:12,0.8765333333333334,0.8186281451157161
1033,2024-07-07 05:50:42,0.754225,0.8936787209751313
1034,2024-07-07 13:06:12,0.5938,0.6553606019066326
1035,2024-07-07 20:21:42,0.27,0.402534051665238
1036,2024-07-08 03:37:12,0.1824,0.2458974462268608
1037,2024-07-08 10:52:42,0.24486666666666665,0.3058020886965096
1038,2024-07-08 18:08:12,0.21273333333333333,0.21519710828683206
1039,2024-07-09 01:23:42,0.43,0.40166613472891705
1040,2024-07-09 08:39:12,0.5508000000000001,0.46931890717574526
1041,2024-07-09 15:54:42,0.28176666666666667,0.3302447778239314
1042,2024-07-09 23:10:12,0.09,0.20883619269755269
1043,2024-07-10 06:25:42,0.184275,0.21734527142169618
1044,2024-07-10 13:41:12,0.35746666666666665,0.3178484011441469
1045,2024-07-10 20:56:42,0.41219999999999996,0.24780102393900355
1046,2024-07-11 04:12:12,0.2978,0.24518362638939703
1047,2024-07-11 11:27:42,0.22693333333333335,0.5662518301978707
1048,2024-07-11 18:43:12,0.3224,0.31912748515605927
1049,2024-07-12 01:58:42,0.16086666666666666,0.25234076297575875
1050,2024-07-12 09:14:12,0.3558,0.3130669070274702
1051,2024-07-12 16:29:42,0.34969999999999996,0.4293081309380276
1052,2024-07-12 23:45:12,0.2946666666666667,0.31476953545851366
1053,2024-07-13 07:00:42,0.7797666666666667,0.6311209886334836
1054,2024-07-13 14:16:12,0.4884,0.6264546336606145
1055,2024-07-13 21:31:42,0.6022666666666666,0.6006098539302391
1056,2024-07-14 04:47:12,0.2942666666666667,0.2695558408896128
1057,2024-07-14 12:02:42,0.4209,0.49456228665076196
1058,2024-07-14 19:18:12,0.5996666666666667,0.6123846899718046
1059,2024-07-15 02:33:42,0.3701333333333333,0.5305463691641178
1060,2024-07-15 09:49:12,0.2964,0.35976272102977547
1061,2024-07-15 17:04:42,0.12843333333333334,0.30788133359913317
1062,2024-07-16 00:20:12,0.14673333333333333,0.24132191273383796
1063,2024-07-16 07:35:42,0.4638,0.6444688321623419
1064,2024-07-16 14:51:12,0.33586666666666665,0.3790174927562475
1065,2024-07-16 22:06:42,0.3277666666666667,0.3786351173184812
1066,2024-07-17 05:22:12,0.27592,0.6617174886534332
1067,2024-07-17 12:37:42,0.4377,0.31901697535067797
1068,2024-07-17 19:53:12,0.5086117647058823,0.3478025327822404
1069,2024-07-18 03:08:42,0.6210157894736842,0.6126013926303622
1070,2024-07-18 10:24:12,0.7819333333333334,0.780120360132839
1071,2024-07-18 17:39:42,0.6383833333333333,0.6604399301244744
1072,2024-07-19 00:55:12,0.6116,0.6915131062269211
1073,2024-07-19 08:10:42,0.8571333333333333,0.8545778041838535
1074,2024-07-19 15:26:12,0.6688666666666667,0.7524655722081661
1075,2024-07-19 22:41:42,0.5821999999999999,0.4875926023482212
1076,2024-07-20 05:57:12,0.59,0.5147638823171812
1077,2024-07-20 13:12:42,0.42,0.468049531057477
1078,2024-07-20 20:28:12,0.3309,0.2875784449944539
1079,2024-07-21 03:43:42,0.19456666666666667,0.3993335876480809
1080,2024-07-21 10:59:12,0.21973333333333334,0.25195377532924923
1081,2024-07-21 18:14:42,0.3053,0.25812126363494564
1082,2024-07-22 01:30:12,0.12,0.2359900376094239
1083,2024-07-22 08:45:42,0.15476666666666666,0.24252265974480128
1084,2024-07-22 16:01:12,0.2296,0.23731565149500966
1085,2024-07-22 23:16:42,0.16556666666666667,0.4765322986058891
1086,2024-07-23 06:32:12,0.17768333333333333,0.23892309488892033
1087,2024-07-23 13:47:42,0.21409999999999998,0.25324668306192116
1088,2024-07-23 21:03:12,0.23893333333333333,0.34768826166788735
1089,2024-07-24 04:18:42,0.17188333333333333,0.28850956083208856
1090,2024-07-24 11:34:12,0.13,0.3212069298938981
1091,2024-07-24 18:49:42,0.18,0.3184357389608132
1092,2024-07-25 02:05:12,0.09826666666666667,0.2215129133047802
1093,2024-07-25 09:20:42,0.7362,0.6730873466336301
1094,2024-07-25 16:36:12,0.38380000000000003,0.4117715209722519
1095,2024-07-25 23:51:42,0.41,0.2611217614196773
1096,2024-07-26 07:07:12,0.5576000000000001,0.47673182615212034
1097,2024-07-26 14:22:42,0.97,0.9518702572344669
1098,2024-07-26 21:38:12,0.7526666666666667,0.6337402357852885
1099,2024-07-27 04:53:42,0.977375,0.9414865105800265
1100,2024-07-27 12:09:12,1.0292000000000001,1.0051457126225745
1101,2024-07-27 19:24:42,0.9541333333333333,0.9979614042011755
1102,2024-07-28 02:40:12,0.69524,0.5648001899654177
1103,2024-07-28 09:55:42,0.4071666666666667,0.44953559758141637
1104,2024-07-28 17:11:12,0.22373333333333334,0.2271464578807354
1105,2024-07-29 00:26:42,0.2233,0.2840008735324123
1106,2024-07-29 07:42:12,0.5125333333333334,0.5031658154247063
1107,2024-07-29 14:57:42,0.7369,0.7120291746354529
1108,2024-07-29 22:13:12,0.6264,0.74300934321114
1109,2024-07-30 05:28:42,0.903525925925926,0.7413545458423575
1110,2024-07-30 12:44:12,0.6589333333333334,0.7198281599474805
1111,2024-07-30 19:59:42,0.6801,0.7120754668888237
1112,2024-07-31 03:15:12,0.9168296296296297,1.0136931078053835
1113,2024-07-31 10:30:42,1.0697666666666668,1.0931863460157598
1114,2024-07-31 17:46:12,1.2278,1.1525065936148167
1115,2024-08-01 01:01:42,1.1605666666666665,1.124752155904259
1116,2024-08-01 08:17:12,1.4070666666666667,1.3953695307884897
1117,2024-08-01 15:32:42,1.3436000000000001,1.3453778689727187
1118,2024-08-01 22:48:12,1.2546,1.2173058803060226
1119,2024-08-02 06:03:42,1.1481233333333332,1.1180018619006724
1120,2024-08-02 13:19:12,0.9164,0.9510477291686195
1121,2024-08-02 20:34:42,0.4947,0.5550077097889569
1122,2024-08-03 03:50:12,0.55428,0.5642442814213164
1123,2024-08-03 11:05:42,0.92335,0.8615585860264089
1124,2024-08-03 18:21:12,0.76,0.8202000446617603
1125,2024-08-04 01:36:42,0.5055333333333334,0.5256061641765493
1126,2024-08-04 08:52:12,0.4822,0.49046836221324547
1127,2024-08-04 16:07:42,0.37,0.4173020875147943
1128,2024-08-04 23:23:12,0.5768,0.5569116553025586
1129,2024-08-05 06:38:42,0.32497,0.35607800756561314
1130,2024-08-05 13:54:12,0.29806666666666665,0.37870502811191337
1131,2024-08-05 21:09:42,0.3294,0.49797595920972526
1132,2024-08-06 04:25:12,0.34618181818181815,0.41984999942923745
1133,2024-08-06 11:40:42,0.5235666666666667,0.5526573701894709
1134,2024-08-06 18:56:12,0.5950666666666666,0.5519665544852614
1135,2024-08-07 02:11:42,0.23862727272727272,0.35176196132576276
1136,2024-08-07 09:27:12,0.22253333333333336,0.2779346965253353
1137,2024-08-07 16:42:42,0.28423333333333334,0.34149383580578224
1138,2024-08-07 23:58:12,0.18059999999999998,0.302577472624502
1139,2024-08-08 07:13:42,0.29,0.2947882213962397
1140,2024-08-08 14:29:12,0.34080000000000005,0.6232070699334145
1141,2024-08-08 21:44:42,0.36019999999999996,0.5037034400738776
1142,2024-08-09 05:00:12,0.5237636363636363,0.43342183241921084
1143,2024-08-09 12:15:42,0.6995333333333333,0.6872807273508182
1144,2024-08-09 19:31:12,0.5084,0.6299084201455116
1145,2024-08-10 02:46:42,0.31464848484848484,0.4695092548405932
1146,2024-08-10 10:02:12,0.2692666666666667,0.26511996266032967
1147,2024-08-10 17:17:42,0.2736,0.2933715945109725
1148,2024-08-11 00:33:12,0.24,0.29669049315686735
1149,2024-08-11 07:48:42,0.22246666666666667,0.2224650558450126
1150,2024-08-11 15:04:12,0.3786,0.6228389555721411
1151,2024-08-11 22:19:42,0.9240333333333334,0.8836692599579692
1152,2024-08-12 05:35:12,0.6041777777777778,0.7248265824374363
1153,2024-08-12 12:50:42,0.27155,0.2618357976577405
1154,2024-08-12 20:06:12,0.5779333333333333,0.6798255480825901
1155,2024-08-13 03:21:42,0.676275,0.6779642183190355
1156,2024-08-13 10:37:12,0.8323999999999999,0.7686334358794349
1157,2024-08-13 17:52:42,1.1851333333333334,1.0744581275752612
1158,2024-08-14 01:08:12,0.8911388888888889,0.885487663983946
1159,2024-08-14 08:23:42,0.9616,0.9218790706114045
1160,2024-08-14 15:39:12,0.7769333333333334,0.8383062625569957
1161,2024-08-14 22:54:42,0.5035333333333334,0.7914697509258986
1162,2024-08-15 06:10:12,0.3869166666666667,0.4413277182243103
1163,2024-08-15 13:25:42,0.4614,0.38359247855842116
1164,2024-08-15 20:41:12,0.6062666666666666,0.5272777917484442
1165,2024-08-16 03:56:42,0.6466999999999999,0.7190693039502177
1166,2024-08-16 11:12:12,1.2354,1.189242490434221
1167,2024-08-16 18:27:42,1.7577,1.7516295352418507
1168,2024-08-17 01:43:12,0.7204,0.6585367569732948
1169,2024-08-17 08:58:42,0.5113,0.4275501089037529
1170,2024-08-17 16:14:12,0.3,0.26466479478403926
1171,2024-08-17 23:29:42,0.3003,0.2865409287624061
1172,2024-08-18 06:45:12,0.6636820512820514,0.8340170409408261
1173,2024-08-18 14:00:42,0.9692999999999999,0.9302202444523573
1174,2024-08-18 21:16:12,1.6862,1.6184608814616999
1175,2024-08-19 04:31:42,1.7249358974358975,1.539003926151193
1176,2024-08-19 11:47:12,1.8530666666666666,1.8282220086881094
1177,2024-08-19 19:02:42,1.5555,1.5301502821301776
1178,2024-08-20 02:18:12,1.176251282051282,0.8510338473719
1179,2024-08-20 09:33:42,0.7226,0.5842431487648615
1180,2024-08-20 16:49:12,0.3636,0.28658085050327436
1181,2024-08-21 00:04:42,0.4659,0.453254166059196
1182,2024-08-21 07:20:12,0.6102,0.3757949516709362
1183,2024-08-21 14:35:42,1.3405,1.3557458840576666
1184,2024-08-21 21:51:12,1.8258666666666667,1.8151431594576155
1185,2024-08-22 05:06:42,1.968379487179487,1.893550601182251
1186,2024-08-22 12:22:12,1.533,1.4750780069402285
1187,2024-08-22 19:37:42,0.8551333333333333,0.8449801852527473
1188,2024-08-23 02:53:12,0.9736380952380952,0.7947512975312429
1189,2024-08-23 10:08:42,0.9744999999999999,1.0704829010314174
1190,2024-08-23 17:24:12,0.5477333333333334,0.6377361881147537
1191,2024-08-24 00:39:42,0.3555428571428571,0.43016747088374824
1192,2024-08-24 07:55:12,0.632,0.5531357622572354
1193,2024-08-24 15:10:42,0.7728666666666667,0.6280639478271561
1194,2024-08-24 22:26:12,0.53,0.43698188329913784
1195,2024-08-25 05:41:42,0.44278,0.34798085291856695
1196,2024-08-25 12:57:12,0.28093333333333337,0.2135384141999696
1197,2024-08-25 20:12:42,0.19423333333333334,0.3558087096815663
1198,2024-08-26 03:28:12,0.18164000000000002,0.27239416819507195
1199,2024-08-26 10:43:42,0.3717333333333333,0.36906416547883836
1200,2024-08-26 17:59:12,0.29,0.4461192158716066
1201,2024-08-27 01:14:42,0.35174,0.40815573684006085
1202,2024-08-27 08:30:12,0.23986666666666664,0.37579722589414033
1203,2024-08-27 15:45:42,0.12476666666666666,0.2893305223634733
1204,2024-08-27 23:01:12,0.28080000000000005,0.3008909866745983
1205,2024-08-28 06:16:42,0.25152083333333336,0.4242861920884914
1206,2024-08-28 13:32:12,0.3370666666666667,0.34828967614365475
1207,2024-08-28 20:47:42,0.2341,0.1841378360820402
1208,2024-08-29 04:03:12,0.19297777777777778,0.4301697456794328
1209,2024-08-29 11:18:42,0.17376666666666668,0.2153025880855109
1210,2024-08-29 18:34:12,0.3114,0.36454321244465454
1211,2024-08-30 01:49:42,0.5502488888888889,0.5215861994058105
1212,2024-08-30 09:05:12,0.47213333333333335,0.49954410110201153
1213,2024-08-30 16:20:42,0.4776,0.4649327574297786
1214,2024-08-30 23:36:12,0.6444666666666666,0.5635823147105319
1215,2024-08-31 06:51:42,0.6542555555555556,0.5332185092880898
1216,2024-08-31 14:07:12,0.5848,0.5309484004974365
1217,2024-08-31 21:22:42,0.7775666666666667,0.6300732675673706
1218,2024-09-01 04:38:12,0.5320416666666666,0.3859746927354071
1219,2024-09-01 11:53:42,0.5121,0.41736088234132956
1220,2024-09-01 19:09:12,0.6569333333333334,0.5828024611941406
1221,2024-09-02 02:24:42,0.366021568627451,0.3761356611810157
1222,2024-09-02 09:40:12,0.3066,0.24628017177539213
1223,2024-09-02 16:55:42,0.33,0.4112832831617977
1224,2024-09-03 00:11:12,0.3564627450980392,0.36882424766049726
1225,2024-09-03 07:26:42,0.4247764705882353,0.4116279779150147
1226,2024-09-03 14:42:12,0.5303333333333333,0.5251884975337556
1227,2024-09-03 21:57:42,0.45,0.316707898995706
1228,2024-09-04 05:13:12,0.3967294117647059,0.30973129534789956
1229,2024-09-04 12:28:42,0.3108666666666667,0.4236114148183593
1230,2024-09-04 19:44:12,0.23106666666666667,0.40634830029947416
1231,2024-09-05 02:59:42,0.15467058823529412,0.3446501504247969
1232,2024-09-05 10:15:12,0.21533333333333332,0.33042995844568523
1233,2024-09-05 17:30:42,0.19023333333333334,0.48610914195887744
1234,2024-09-06 00:46:12,0.3402235294117647,0.3369790245174863
1235,2024-09-06 08:01:42,0.7405666666666667,0.47789959649422337
1236,2024-09-06 15:17:12,0.8672,0.7295549187277045
1237,2024-09-06 22:32:42,0.4564,0.5173300033036087
1238,2024-09-07 05:48:12,0.48381960784313727,0.39847175124642986
1239,2024-09-07 13:03:42,0.39,0.6217795568518341
1240,2024-09-07 20:19:12,0.4364,0.305657722055912
1241,2024-09-08 03:34:42,0.8471235294117647,0.7068115007833706
1242,2024-09-08 10:50:12,0.8934666666666666,0.8282298602695976
1243,2024-09-08 18:05:42,0.7824,0.7549224658869207
1244,2024-09-09 01:21:12,0.6121555555555556,0.519242113551839
1245,2024-09-09 08:36:42,0.5677666666666666,0.5729743075290961
1246,2024-09-09 15:52:12,0.38480000000000003,0.3173087630420923
1247,2024-09-09 23:07:42,0.4912157894736842,0.412861300785834
1248,2024-09-10 06:23:12,0.559978947368421,0.5283901093157937
1249,2024-09-10 13:38:42,0.7871,0.7609681541632328
1250,2024-09-10 20:54:12,0.6519333333333334,0.6364508673548699
1251,2024-09-11 04:09:42,0.4124333333333333,0.3271837631966012
1252,2024-09-11 11:25:12,0.23,0.18905058237058775
1253,2024-09-11 18:40:42,0.24209999999999998,0.33254354829633875
1254,2024-09-12 01:56:12,0.3454561403508772,0.3944645520676388
1255,2024-09-12 09:11:42,0.48169999999999996,0.48020411508956123
1256,2024-09-12 16:27:12,0.6326666666666667,0.6595278906502894
1257,2024-09-12 23:42:42,0.5424233333333334,0.5042934759496794
1258,2024-09-13 06:58:12,0.5569400000000001,0.7747420041268407
1259,2024-09-13 14:13:42,0.4154333333333333,0.4063457883229213
1260,2024-09-13 21:29:12,0.22920000000000001,0.21998066939413546
1261,2024-09-14 04:44:42,0.29233157894736844,0.38132616576881667
1262,2024-09-14 12:00:12,0.4,0.36162619798311163
1263,2024-09-14 19:15:42,0.37953333333333333,0.5059386482462287
1264,2024-09-15 02:31:12,0.5490105263157895,0.8109748396980628
1265,2024-09-15 09:46:42,0.7478333333333333,0.7093371385708451
1266,2024-09-15 17:02:12,0.3992666666666667,0.2745932340621948
1267,2024-09-16 00:17:42,0.2249736842105263,0.5753334026734871
1268,2024-09-16 07:33:12,0.6451929824561403,0.7375762208263749
1269,2024-09-16 14:48:42,1.5774000000000001,1.5205867560580373
1270,2024-09-16 22:04:12,1.0414,1.1186629331537656
1271,2024-09-17 05:19:42,0.6403000000000001,0.8535629478034653
1272,2024-09-17 12:35:12,0.3882666666666667,0.31607571095228193
1273,2024-09-17 19:50:42,0.3207,0.45321213247786674
1274,2024-09-18 03:06:12,0.26841333333333334,0.42817822273064976
1275,2024-09-18 10:21:42,0.58925,0.4971799509533282
1276,2024-09-18 17:37:12,0.6764,0.7007752531873328
1277,2024-09-19 00:52:42,1.2077316666666666,1.1607688675167245
1278,2024-09-19 08:08:12,0.8956233333333333,0.9887140122610161
1279,2024-09-19 15:23:42,0.5637,0.5626112384987729
1280,2024-09-19 22:39:12,0.6875174603174603,0.6622752773559699
1281,2024-09-20 05:54:42,0.5700015873015873,0.5871407029834592
1282,2024-09-20 13:10:12,0.4032,0.32869383335734403
1283,2024-09-20 20:25:42,0.5728666666666666,0.6567385166085192
1284,2024-09-21 03:41:12,0.48947632850241546,0.5139217623576675
1285,2024-09-21 10:56:42,0.4747492753623188,0.4889271386927858
1286,2024-09-21 18:12:12,0.4600222222222222,0.463932515027904
1287,2024-09-22 01:27:42,0.44529516908212563,0.43893789136302225
1288,2024-09-22 08:43:12,0.430568115942029,0.4139432676981405
1289,2024-09-22 15:58:42,0.6078333333333333,0.648195001230176
1290,2024-09-22 23:14:12,0.6930333333333334,0.6673580604260915
1291,2024-09-23 06:29:42,0.82145,0.7179754148505322
1292,2024-09-23 13:45:12,0.9305333333333333,0.8714661007480962
1293,2024-09-23 21:00:42,0.8762666666666666,0.7908325724303722
1294,2024-09-24 04:16:12,0.720895238095238,0.6197822797538365
1295,2024-09-24 11:31:42,1.1471333333333333,1.1011704385413654
1296,2024-09-24 18:47:12,0.8470666666666666,0.7009158714541367
